FrontEnd,,Assignee,Status,Deadline,Comment
–ó–∞–≥–∞–ª—å–Ω–∞ —ñ–Ω—Ñ–æ—Ä–º–∞—Ü—ñ—è,,Serhii Mishovych,üê∏,18.07.2025 19:00,
" - –¢–æ—á–∫–∏ –ø–µ—Ä–µ–ª–æ–º—É:
   ‚Ä¢ mobile: –≤–µ—Ä—Å—Ç–∫–∞ –≥—É–º–æ–≤–∞ –≤—ñ–¥ 320px, —Å—Ç–∞—î –∞–¥–∞–ø—Ç–∏–≤–Ω–æ—é –∑ 375px;
   ‚Ä¢ tablet: –∑ 768px;
   ‚Ä¢ desktop: –∑ 1440—Ä—Ö 
 - –í–µ—Ä—Å—Ç–∫–∞ —Å–µ–º–∞–Ω—Ç–∏—á–Ω–∞

‚úî –ó–¥—ñ–π—Å–Ω–∏—Ç–∏ –ø—ñ–¥–∫–ª—é—á–µ–Ω–Ω—è —à—Ä–∏—Ñ—Ç—ñ–≤ 
‚úî –ó–∞–±–µ–∑–ø–µ—á–∏—Ç–∏ –æ–ø—Ç–∏–º—ñ–∑–∞—Ü—ñ—é —Ä–æ–∑–º—ñ—Ä—ñ–≤ —Å—Ç–∞—Ç–∏—á–Ω–æ—ó –≤–µ–∫—Ç–æ—Ä–Ω–æ—ó —Ç–∞ —Ä–∞—Å—Ç—Ä–æ–≤–æ—ó –≥—Ä–∞—Ñ—ñ–∫–∏
‚úî –ó–∞–±–µ–∑–ø–µ—á–∏—Ç–∏ –ø—ñ–¥—Ç—Ä–∏–º–∫—É –≤—ñ–¥–æ–±—Ä–∞–∂–µ–Ω–Ω—è —Å—Ç–∞—Ç–∏—á–Ω–∏—Ö –∑–æ–±—Ä–∞–∂–µ–Ω—å –¥–ª—è retina-–µ–∫—Ä–∞–Ω—ñ–≤
‚úî –û–ø—Ç–∏–º—ñ–∑—É–≤–∞—Ç–∏ –∑–∞–≤–∞–Ω—Ç–∞–∂–µ–Ω–Ω—è –∑–æ–±—Ä–∞–∂–µ–Ω—å
‚úî –í—Å—ñ svg-—ñ–∫–æ–Ω–∫–∏ –ø—ñ–¥ º—î–¥–Ω–∞—Ç–∏ —á–µ—Ä–µ–∑ sprite
‚úî –î–æ–¥–∞—Ç–∏ –≤—ñ–¥–æ–±—Ä–∞–∂–µ–Ω–Ω—è —Ñ–∞–≤—ñ–∫–æ–Ω —Å—Ç–æ—Ä—ñ–Ω–∫–∏
‚úî UI Kit",,Serhii Mishovych,üê∏,,
SharedLayout,,üëΩ,üê∏,,
"–ö–æ–º–ø–æ–Ω–µ–Ω—Ç –≤—ñ–¥–º–∞–ª—å–æ–≤—É—î—Ç—å—Å—è –Ω–∞ –º–∞—Ä—à—Ä—É—Ç—ñ ""/"". –ú—ñ—Å—Ç–∏—Ç—å –≤ —Å–æ–±—ñ Header —Ç–∞ Footer —ñ –æ–±–≥–æ—Ä—Ç–∞—î –≤–∫–ª–∞–¥–µ–Ω—ñ –º–∞—Ä—à—Ä—É—Ç–∏ –∑ —ó—Ö –≤—ñ–¥–ø–æ–≤—ñ–¥–Ω–∏–º–∏ 
—Å—Ç–æ—Ä—ñ–Ω–∫–∞–º–∏",,üëΩ,üê∏,,
Header,,Andrii Mashtaler,üê∏,,
"–ö–æ–º–ø–æ–Ω–µ–Ω—Ç Header –º—ñ—Å—Ç–∏—Ç—å: 
- Logo
- Nav (–¥–ª—è –∞–≤—Ç–æ—Ä–∏–∑–æ–≤–∞–Ω–æ–≥–æ –∫–æ—Ä–∏—Å—Ç—É–≤–∞—á–∞)
- AuthBar (–¥–ª—è –Ω–µ–∞–≤—Ç–æ—Ä–∏–∑–æ–≤–∞–Ω–æ–≥–æ –∫–æ—Ä–∏—Å—Ç—É–≤–∞—á–∞) –∞–±–æ UserBar (–¥–ª—è –∞–≤—Ç–æ—Ä–∏–∑–æ–≤–∞–Ω–æ–≥–æ –∫–æ—Ä–∏—Å—Ç—É–≤–∞—á–∞)",,Andrii Mashtaler,üê∏,,
"–î–ª—è –∞–≤—Ç–æ—Ä–∏–∑–æ–≤–∞–Ω–æ–≥–æ –∫–æ—Ä–∏—Å—Ç—É–≤–∞—á–∞, –ø–æ—Ç—Ä—ñ–±–Ω–æ —Ä–µ–∞–ª—ñ–∑—É–≤–∞—Ç–∏ –±–ª–æ–∫ –Ω–∞–≤—ñ–≥–∞—Ü—ñ—ó –∑ –Ω–∞—Å—Ç—É–ø–Ω–∏–º–∏ –º–∞—Ä—à—Ä—É—Ç–∞–º–∏: 
- / - –ø—É–±–ª—ñ—á–Ω–∏–π, –ø–µ—Ä–µ–∞–¥—Ä–µ—Å–æ–≤—É—î –Ω–∞ —Å—Ç–æ—Ä—ñ–Ω–∫—É HomePage
- /add - –ø—Ä–∏–≤–∞—Ç–Ω–∏–π, –ø–µ—Ä–µ–∞–¥—Ä–µ—Å–æ–≤—É—î –Ω–∞ —Å—Ç–æ—Ä—ñ–Ω–∫—É AddRecipePage
–ù–∞ –º–æ–±—ñ–ª—å–Ω—ñ–π –≤–µ—Ä—Å—ñ—ó Nav –≤—ñ–¥–∫—Ä–∏–≤–∞—î—Ç—å—Å—è –∑–∞ –¥–æ–ø–æ–º–æ–≥–æ—é –±—É—Ä–≥–µ—Ä-–º–µ–Ω—é, —â–æ –≤–∏—ó–∂–¥–∂–∞—î —Å–ø—Ä–∞–≤–∞ —Ç–∞ –º–∞—î —Ä–æ–∑–º—ñ—Ä–∏ viewport—É 
–ø—Ä–∏—Å—Ç—Ä–æ—é –∫–æ—Ä–∏—Å—Ç—É–≤–∞—á–∞",Nav,Andrii Mashtaler,üê∏,,
"–ö–æ–º–ø–æ–Ω–µ–Ω—Ç, —è–∫–∏–π –≤—ñ–¥–æ–±—Ä–∞–∂–∞—î –ª–æ–≥–æ—Ç–∏–ø –∑–∞—Å—Ç–æ—Å—É–Ω–∫—É —ñ —î –∫–ª—ñ–∫–∞–±–µ–ª—å–Ω–∏–º, –ø–µ—Ä–µ–∞–¥—Ä–µ—Å–æ–≤—É—î –∫–æ—Ä–∏—Å—Ç—É–≤–∞—á–∞ –Ω–∞ —Å—Ç–æ—Ä—ñ–Ω–∫—É HomePage",Logo,Andrii Mashtaler,üê∏,,
"–ö–æ–º–ø–æ–Ω–µ–Ω—Ç –º—ñ—Å—Ç–∏—Ç—å 2 –∫–Ω–æ–ø–∫–∏ —Ç–∏–ø—É ""button"":
- Sign in - –ø–æ click—É –Ω–∞ —è–∫—É –º–∞—î –≤—ñ–¥–∫—Ä–∏–≤–∞—Ç–∏—Å—å –º–æ–¥–∞–ª—å–Ω–µ –≤—ñ–∫–Ω–æ Modal, —â–æ –º—ñ—Å—Ç–∏—Ç—å SignInModal
- Sign up - –ø–æ click—É –Ω–∞ —è–∫—É –º–∞—î –≤—ñ–¥–∫—Ä–∏–≤–∞—Ç–∏—Å—å –º–æ–¥–∞–ª—å–Ω–µ –≤—ñ–∫–Ω–æ Modal, —â–æ –º—ñ—Å—Ç–∏—Ç—å SignUpModal",AuthBar,Andrii Mashtaler,üê∏,,
"–ö–æ–º–ø–æ–Ω–µ–Ω—Ç —Å–∫–ª–∞–¥–∞—î—Ç—å—Å—è –∑ –∞–∫—Ç—É–∞–ª—å–Ω–æ—ó –∞–≤–∞—Ç–∞—Ä–∫–∏ –∫–æ—Ä–∏—Å—Ç—É–≤–∞—á–∞ —Ç–∞ –π–æ–≥–æ —ñ–º º—è. –£ —Ä–∞–∑—ñ –≤–∏–ø–∞–¥–∫—É –≤—ñ–¥—Å—É—Ç–Ω–æ—Å—Ç—ñ –∞–≤–∞—Ç–∞—Ä–∫–∏ –≤ –∫–æ—Ä–∏—Å—Ç—É–≤–∞—á–∞ - –º–∞—î –≤—ñ–¥–º–∞–ª—å–æ–≤—É–≤–∞—Ç–∏—Å—å –∑–æ–±—Ä–∞–∂–µ–Ω–Ω—è –ø–æ –∑–∞–º–æ–≤—á—É–≤–∞–Ω–Ω—é.
–ü–æ click—É –Ω–∞ –∫–æ–º–ø–æ–Ω–µ–Ω—Ç –º–∞—î –∑ º—è–≤–ª—è—Ç–∏—Å—å –≤–∏–ø–∞–¥–∞—é—á–∏–π —Å–ø–∏—Å–æ–∫ –∑:
- –ø–æ—Å–∏–ª–∞–Ω–Ω—è–º Profile, —â–æ –ø–µ—Ä–µ–Ω–∞–ø—Ä–∞–≤–ª—è—î –∫–æ—Ä–∏—Å—Ç—É–≤–∞—á–∞ –Ω–∞ —Å—Ç–æ—Ä—ñ–Ω–∫—É UserPage –∑ —ñ–Ω—Ñ–æ—Ä–º–∞—Ü—ñ—î—é –ø—Ä–æ –∞–≤—Ç–æ—Ä–∏–∑–æ–≤–∞–Ω–æ–≥–æ –∫–æ—Ä–∏—Å—Ç—É–≤–∞—á–∞
- –∫–Ω–æ–ø–∫–æ—é —Ç–∏–ø—É ""button"" Log out, –ø–æ click—É –Ω–∞ —è–∫—É –º–∞—î –≤—ñ–¥–∫—Ä–∏–≤–∞—Ç–∏—Å—å –º–æ–¥–∞–ª—å–Ω–µ –≤—ñ–∫–Ω–æ Modal, —â–æ –º—ñ—Å—Ç–∏—Ç—å LogOutModal",UserBar,Andrii Mashtaler,üê∏,,
Footer,,Andrii Mashtaler,üê∏,,
"–ö–æ–º–ø–æ–Ω–µ–Ω—Ç Footer –º—ñ—Å—Ç–∏—Ç—å: 
- Logo
- NetworkLinks
- Copyright",,Andrii Mashtaler,üê∏,,
"–ö–æ–º–ø–æ–Ω–µ–Ω—Ç, —è–∫–∏–π –≤—ñ–¥–æ–±—Ä–∞–∂–∞—î –ª–æ–≥–æ—Ç–∏–ø –∑–∞—Å—Ç–æ—Å—É–Ω–∫—É —ñ —î –∫–ª—ñ–∫–∞–±–µ–ª—å–Ω–∏–º, –ø–µ—Ä–µ–∞–¥—Ä–µ—Å–æ–≤—É—î –∫–æ—Ä–∏—Å—Ç—É–≤–∞—á–∞ –Ω–∞ —Å—Ç–æ—Ä—ñ–Ω–∫—É HomePage",Logo,Andrii Mashtaler,üê∏,,
"–ü–µ—Ä–µ–ª—ñ–∫ –ø–æ—Å–∏–ª–∞–Ω—å –Ω–∞ —Å–æ—Ü. –º–µ—Ä–µ–∂—ñ –∫–æ–º–ø–∞–Ω—ñ—ó –º–∞—î –±—É—Ç–∏ —Ä–µ–∞–ª—ñ–∑–æ–≤–∞–Ω–æ —è–∫ —Å–ø–∏—Å–æ–∫ –µ–ª–µ–º–µ–Ω—Ç—ñ–≤ –∑–∞ –¥–æ–ø–æ–º–æ–≥–æ—é <ul>, —â–æ –≤—ñ–¥–∫—Ä–∏–≤–∞—Ç–∏–º—É—Ç—å —É –Ω–æ–≤—ñ–π –≤–∫–ª–∞–¥—Ü—ñ —Å—Ç–æ—Ä—ñ–Ω–∫—É GoIT –≤—ñ–¥–ø–æ–≤—ñ–¥–Ω–æ—ó —Å–æ—Ü. –º–µ—Ä–µ–∂—ñ: 
‚úî Facebook - https://www.facebook.com/goITclub/
‚úî Instagram - https://www.instagram.com/goitclub/  
‚úî YouTube - https://www.youtube.com/c/GoIT ",NetworkLinks,Andrii Mashtaler,üê∏,,
"–ú—ñ—Å—Ç–∏—Ç—å —Ç–µ–∫—Å—Ç: ""@2025, Foodies. All rights reserved""",Copyright,Andrii Mashtaler,üê∏,,
"HomePage - –ø—É–±–ª—ñ—á–Ω–∏–π –º–∞—Ä—à—Ä—É—Ç ""/""",,üëΩ,üê∏,,
"–°—Ç–æ—Ä—ñ–Ω–∫–∞ –º—ñ—Å—Ç–∏—Ç—å: 
- Hero
- Categories
- Recipes
- Testimonials",,üëΩ,üê∏,,
"–ö–æ–º–ø–æ–Ω–µ–Ω—Ç –º—ñ—Å—Ç–∏—Ç—å:
- –æ—Å–Ω–æ–≤–Ω–∏–π –∑–∞–≥–æ–ª–æ–≤–æ–∫ –∑–∞—Å—Ç–æ—Å—É–Ω–∫—É
- –ø—ñ–¥–∑–∞–≥–æ–ª–æ–≤–æ–∫
- –∫–Ω–æ–ø–∫—É —Ç–∏–ø—É ""button"" Add recipe, –ø–æ click—É –Ω–∞ —è–∫—É 
  - –Ω–µ–∞–≤—Ç–æ—Ä–∏–∑–æ–≤–∞–Ω–æ–º—É –∫–æ—Ä–∏—Å—Ç—É–≤–∞—á–µ–≤—ñ —Å–ª—ñ–¥ –≤—ñ–¥–∫—Ä–∏–≤–∞—Ç–∏ –º–æ–¥–∞–ª—å–Ω–µ –≤—ñ–∫–Ω–æ Modal, —â–æ –º—ñ—Å—Ç–∏—Ç—å SignInModal
  - –∞–≤—Ç–æ—Ä–∏–∑–æ–≤–∞–Ω–æ–≥–æ –∫–æ—Ä–∏—Å—Ç—É–≤–∞—á–∞ —Å–ª—ñ–¥ –ø–µ—Ä–µ–Ω–∞–ø—Ä–∞–≤–∏—Ç–∏ –Ω–∞ —Å—Ç–æ—Ä—ñ–Ω–∫—É AddRecipePage",Hero,üëΩ,üê∏,,
"–ö–æ–º–ø–æ–Ω–µ–Ω—Ç –º—ñ—Å—Ç–∏—Ç—å:
- MainTitle - —É–Ω—ñ–≤–µ—Ä—Å–∞–ª—å–Ω–∏–π –∫–æ–º–ø–æ–Ω–µ–Ω—Ç, —â–æ –≤—ñ–¥–º–∞–ª—å–æ–≤—É—î –∑–∞–≥–æ–ª–æ–≤–æ–∫ —ñ –≤–∏–∫–æ—Ä–∏—Å—Ç–æ–≤—É—î—Ç—å—Å—è –Ω–∞ —Ä—ñ–∑–Ω–∏—Ö —Å—Ç–æ—Ä—ñ–Ω–∫–∞—Ö –∑–∞—Å—Ç–æ—Å—É–Ω–∫—É
- Subtitle - —É–Ω—ñ–≤–µ—Ä—Å–∞–ª—å–Ω–∏–π –∫–æ–º–ø–æ–Ω–µ–Ω—Ç, —â–æ –≤—ñ–¥–º–∞–ª—å–æ–≤—É—î –ø—ñ–¥–∑–∞–≥–æ–ª–æ–≤–æ–∫ —ñ –≤–∏–∫–æ—Ä–∏—Å—Ç–æ–≤—É—î—Ç—å—Å—è –Ω–∞ —Ä—ñ–∑–Ω–∏—Ö —Å—Ç–æ—Ä—ñ–Ω–∫–∞—Ö –∑–∞—Å—Ç–æ—Å—É–Ω–∫—É
- CategoryList ",Categories,Dina Khomenko,Doing,,
"–ö–æ–º–ø–æ–Ω–µ–Ω—Ç –º—ñ—Å—Ç–∏—Ç—å –ø–µ—Ä–µ–ª—ñ–∫ –∫–∞—Ä—Ç–æ–∫ –∑ –∫–∞—Ç–µ–≥–æ—Ä—ñ—è–º–∏ —Ä–µ—Ü–µ–ø—Ç—ñ–≤, –∫–æ–∂–Ω–∞ –∑ —è–∫–∏—Ö –º—ñ—Å—Ç–∏—Ç—å:
- –∑–æ–±—Ä–∞–∂–µ–Ω–Ω—è –∫–∞—Ç–µ–≥–æ—Ä—ñ—ó
- —ó—ó –Ω–∞–∑–≤—É
- –∫–Ω–æ–ø–∫—É —Ç–∏–ø—É ""button"" —É –≤–∏–≥–ª—è–¥—ñ —ñ–∫–æ–Ω–∫–∏-—Å—Ç—Ä—ñ–ª–∫–∏, –ø–æ click—É –Ω–∞ —è–∫—É –º–∞—î –≤—ñ–¥–ø—Ä–∞–≤–ª—è—Ç–∏—Å—å –∑–∞–ø–∏—Ç –Ω–∞ backend –∑–∞ —Ä–µ—Ü–µ–ø—Ç–∞–º–∏ –æ–±—Ä–∞–Ω–æ—ó –∫–æ—Ä–∏—Å—Ç—É–≤–∞—á–µ–º –∫–∞—Ç–µ–≥–æ—Ä—ñ—ó
   - —è–∫—â–æ backend –ø–æ–≤–µ—Ä–Ω—É–≤ –ø–æ–º–∏–ª–∫—É - –Ω–µ–æ–±—Ö—ñ–¥–Ω–æ —ó—ó –æ–ø—Ä–∞—Ü—é–≤–∞—Ç–∏ —ñ –≤—ñ–¥–æ–±—Ä–∞–∑–∏—Ç–∏ –∫–æ—Ä–∏—Å—Ç—É–≤–∞—á–µ–≤—ñ —É –≤–∏–≥–ª—è–¥—ñ –≤—Å–ø–ª–∏–≤–∞—é—á–æ–≥–æ –≤—ñ–∫–æ–Ω–µ—á–∫–∞-notification
   - —è–∫—â–æ –∑–∞–ø–∏—Ç –Ω–∞ backend –ø—Ä–æ–π—à–æ–≤ —É—Å–ø—ñ—à–Ω–æ —ñ –±—É–ª–∏ –æ—Ç—Ä–∏–º–∞–Ω—ñ –¥–∞–Ω—ñ, —Ç–æ –∫–æ–º–ø–æ–Ω–µ–Ω—Ç Categories —Å–ª—ñ–¥ –ø—Ä–∏—Ö–æ–≤–∞—Ç–∏, –≤—ñ–¥–º–∞–ª—é–≤–∞–≤—à–∏ –Ω–∞ –π–æ–≥–æ –º—ñ—Å—Ü—ñ –∫–æ–º–ø–æ–Ω–µ–Ω—Ç Recipes",CategoryList,Dina Khomenko,Doing,,
"–ö–æ–º–ø–æ–Ω–µ–Ω—Ç –º—ñ—Å—Ç–∏—Ç—å:
- –∫–Ω–æ–ø–∫—É —Ç–∏–ø—É ""button' Back, –ø–æ click—É –Ω–∞ —è–∫—É –∫–æ–º–ø–æ–Ω–µ–Ω—Ç Categories –º–∞—î –±—É—Ç–∏ –≤—ñ–¥–º–∞–ª—å–æ–≤–∞–Ω–æ, –∞ –∫–æ–º–ø–æ–Ω–µ–Ω—Ç Recipes - –ø—Ä–∏—Ö–æ–≤–∞–Ω–æ
- MainTitle - —É–Ω—ñ–≤–µ—Ä—Å–∞–ª—å–Ω–∏–π –∫–æ–º–ø–æ–Ω–µ–Ω—Ç, —â–æ –≤—ñ–¥–º–∞–ª—å–æ–≤—É—î –∑–∞–≥–æ–ª–æ–≤–æ–∫ —ñ –≤–∏–∫–æ—Ä–∏—Å—Ç–æ–≤—É—î—Ç—å—Å—è –Ω–∞ —Ä—ñ–∑–Ω–∏—Ö —Å—Ç–æ—Ä—ñ–Ω–∫–∞—Ö –∑–∞—Å—Ç–æ—Å—É–Ω–∫—É
- Subtitle - —É–Ω—ñ–≤–µ—Ä—Å–∞–ª—å–Ω–∏–π –∫–æ–º–ø–æ–Ω–µ–Ω—Ç, —â–æ –≤—ñ–¥–º–∞–ª—å–æ–≤—É—î –ø—ñ–¥–∑–∞–≥–æ–ª–æ–≤–æ–∫ —ñ –≤–∏–∫–æ—Ä–∏—Å—Ç–æ–≤—É—î—Ç—å—Å—è –Ω–∞ —Ä—ñ–∑–Ω–∏—Ö —Å—Ç–æ—Ä—ñ–Ω–∫–∞—Ö –∑–∞—Å—Ç–æ—Å—É–Ω–∫—É
- RecipeFilters
- RecipeList 
- RecipePagination",Recipes,üëΩ,üê∏,,
"–ö–æ–º–ø–æ–Ω–µ–Ω—Ç –º—ñ—Å—Ç–∏—Ç—å:
- —Å—Ç–∏–ª—ñ–∑–æ–≤–∞–Ω–∏–π select (–ø–æ click—É –Ω–∞ —è–∫–∏–π –º–∞—î –∑ º—è–≤–ª—è—Ç–∏—Å—å –≤–∏–ø–∞–¥–∞—é—á–∏–π —Å–ø–∏—Å–æ–∫ —ñ–Ω–≥—Ä–µ–¥—ñ—î–Ω—Ç—ñ–≤, –æ—Ç—Ä–∏–º–∞–Ω–∏–π –∑ backend–∞; –∑ –º–µ—Ç–æ—é –æ–ø—Ç–∏–º—ñ–∑–∞—Ü—ñ—ó –∑–∞–ø–∏—Ç—ñ–≤, –ø–µ—Ä–µ–ª—ñ–∫ —ñ–Ω–≥—Ä–µ–¥—ñ—î–Ω—Ç—ñ–≤ —Å–ª—ñ–¥ –∑–±–µ—Ä—ñ–≥–∞—Ç–∏ –≤ redux store –¥–ª—è –π–æ–≥–æ –ø–æ–¥–∞–ª—å—à–æ–≥–æ –≤–∏–∫–æ—Ä–∏—Å—Ç–∞–Ω–Ω—è) –¥–ª—è –≤–∏–±–æ—Ä—É –∫–æ—Ä–∏—Å—Ç—É–≤–∞—á–µ–º —ñ–Ω–≥—Ä–µ–¥—ñ—î–Ω—Ç–∞, –∑–∞ —è–∫–∏–º –∫–æ—Ä–∏—Å—Ç—É–≤–∞—á —Ö–æ—á–µ –≤—ñ–¥–Ω–∞–π—Ç–∏ —Ä–µ—Ü–µ–ø—Ç–∏ 
- —Å—Ç–∏–ª—ñ–∑–æ–≤–∞–Ω–∏–π select (–ø–æ click—É –Ω–∞ —è–∫–∏–π –º–∞—î –∑ º—è–≤–ª—è—Ç–∏—Å—å –≤–∏–ø–∞–¥–∞—é—á–∏–π —Å–ø–∏—Å–æ–∫ —Ä–µ–≥—ñ–æ–Ω—ñ–≤ –ø–æ—Ö–æ–¥–∂–µ–Ω–Ω—è —Å—Ç—Ä–∞–≤–∏, –æ—Ç—Ä–∏–º–∞–Ω–∏–π –∑ backend–∞; –∑ –º–µ—Ç–æ—é –æ–ø—Ç–∏–º—ñ–∑–∞—Ü—ñ—ó –∑–∞–ø–∏—Ç—ñ–≤, —Å–ø–∏—Å–æ–∫ —Ä–µ–≥—ñ–æ–Ω—ñ–≤ –ø–æ—Ö–æ–¥–∂–µ–Ω–Ω—è —Å—Ç—Ä–∞–≤–∏ —Å–ª—ñ–¥ –∑–±–µ—Ä—ñ–≥–∞—Ç–∏ –≤ redux store –¥–ª—è –π–æ–≥–æ –ø–æ–¥–∞–ª—å—à–æ–≥–æ –≤–∏–∫–æ—Ä–∏—Å—Ç–∞–Ω–Ω—è) –¥–ª—è –≤–∏–±–æ—Ä—É –∫–æ—Ä–∏—Å—Ç—É–≤–∞—á–µ–º —Ä–µ–≥—ñ–æ–Ω—É –ø–æ—Ö–æ–¥–∂–µ–Ω–Ω—è —Å—Ç—Ä–∞–≤–∏, –∑–∞ —è–∫–∏–º –∫–æ—Ä–∏—Å—Ç—É–≤–∞—á —Ö–æ—á–µ –≤—ñ–¥–Ω–∞–π—Ç–∏ —Ä–µ—Ü–µ–ø—Ç–∏
–ü—Ä–∏ –∫–æ–∂–Ω—ñ–π –∑–º—ñ–Ω—ñ –æ–¥–Ω–æ–≥–æ –∑ select—ñ–≤ –ø–æ—Ä—è–¥–∫–æ–≤–∏–π –Ω–æ–º–µ—Ä —Å—Ç–æ—Ä—ñ–Ω–∫–∏ –≤ RecipePagination –º–∞—î –Ω–∞–±—É–≤–∞—Ç–∏ –ø–æ—á–∞—Ç–∫–æ–≤–æ–≥–æ –∑–Ω–∞—á–µ–Ω–Ω—è 1, –ø—ñ—Å–ª—è —á–æ–≥–æ –º–∞—î –≤—ñ–¥–ø—Ä–∞–≤–ª—è—Ç–∏—Å—å –∑–∞–ø–∏—Ç –Ω–∞ backend –∑ —É—Ä–∞—Ö—É–≤–∞–Ω–Ω—è–º —É—Å—ñ—Ö –ø–∞—Ä–∞–º–µ—Ç—Ä—ñ–≤ —Ñ—ñ–ª—å—Ç—Ä–∞—Ü—ñ—ó —Ç–∞ –ø–∞–≥—ñ–Ω–∞—Ü—ñ—ó. –ü–æ –∑–∞–º–æ–≤—á—É–≤–∞–Ω–Ω—é –ø–∞—Ä–∞–º–µ—Ç—Ä–∏ —Ñ—ñ–ª—å—Ç—Ä–∞—Ü—ñ—ó –≤—ñ–¥—Å—É—Ç–Ω—ñ.",RecipeFilters,üëΩ,üê∏,,
"–ö–æ–º–ø–æ–Ω–µ–Ω—Ç –º—ñ—Å—Ç–∏—Ç—å —Å–ø–∏—Å–æ–∫ —Ä–µ—Ü–µ–ø—Ç—ñ–≤, –µ–ª–µ–º–µ–Ω—Ç–∏ —è–∫–æ–≥–æ —î —É–Ω—ñ–≤–µ—Ä—Å–∞–ª—å–Ω–∏–º –∫–æ–º–ø–æ–Ω–µ–Ω—Ç–æ–º RecipeCard",RecipeList,üëΩ,üê∏,,
"–£–Ω—ñ–≤–µ—Ä—Å–∞–ª—å–Ω–∏–π –∫–æ–º–ø–æ–Ω–µ–Ω—Ç, —â–æ –º—ñ—Å—Ç–∏—Ç—å:
 - –∑–æ–±—Ä–∞–∂–µ–Ω–Ω—è —Å—Ç—Ä–∞–≤–∏
 - –Ω–∞–∑–≤—É —Ä–µ—Ü–µ–ø—Ç–∞
 - –æ–ø–∏—Å —Ä–µ—Ü–µ–ø—Ç–∞
 - —ñ–Ω—Ñ–æ—Ä–º–∞—Ü—ñ—é –ø—Ä–æ –∞–≤—Ç–æ—Ä–∞ —Ä–µ—Ü–µ–ø—Ç–∞ (—â–æ –º—ñ—Å—Ç–∏—Ç—å –∞–≤–∞—Ç–∞—Ä–∫—É —Ç–∞ –π–æ–≥–æ —ñ–º'—è), —è–∫–∞  –º–∞—î –±—É—Ç–∏ —Ä–µ–∞–ª—ñ–∑–æ–≤–∞–Ω–∞ —É –≤–∏–≥–ª—è–¥—ñ –∫–Ω–æ–ø–∫–∏ —Ç–∏–ø—É ""button"", –ø–æ click—É –Ω–∞ —è–∫—É
   - –Ω–µ–∞–≤—Ç–æ—Ä–∏–∑–æ–≤–∞–Ω–æ–º—É –∫–æ—Ä–∏—Å—Ç—É–≤–∞—á–µ–≤—ñ —Å–ª—ñ–¥ –≤—ñ–¥–∫—Ä–∏–≤–∞—Ç–∏ –º–æ–¥–∞–ª—å–Ω–µ –≤—ñ–∫–Ω–æ Modal, —â–æ –º—ñ—Å—Ç–∏—Ç—å SignInModal
   - –∞–≤—Ç–æ—Ä–∏–∑–æ–≤–∞–Ω–æ–≥–æ –∫–æ—Ä–∏—Å—Ç—É–≤–∞—á–∞ —Å–ª—ñ–¥ –ø–µ—Ä–µ–Ω–∞–ø—Ä–∞–≤–∏—Ç–∏ –Ω–∞ —Å—Ç–æ—Ä—ñ–Ω–∫—É UserPage –∑ –ø—Ä–æ—Ñ—ñ–ª–µ–º –∞–≤—Ç–æ—Ä–∞ 
 - –∫–Ω–æ–ø–∫—É —Ç–∏–ø—É ""button"" —É –≤–∏–≥–ª—è–¥—ñ —ñ–∫–æ–Ω–∫–∏-—Å–µ—Ä—Ü—è, –ø–æ click—É –Ω–∞ —è–∫—É –∫–æ—Ä–∏—Å—Ç—É–≤–∞—á –º–æ–∂–µ –∞–±–æ –¥–æ–¥–∞—Ç–∏ —Ä–µ—Ü–µ–ø—Ç –≤ —Å–ø–∏—Å–æ–∫ —É–ª—é–±–ª–µ–Ω–∏—Ö, –∞–±–æ –≤–∏–¥–∞–ª–∏—Ç–∏ –∑ –Ω—å–æ–≥–æ. –Ø–∫—â–æ —Ü–µ–π —Ä–µ—Ü–µ–ø—Ç –≤–∂–µ –¥–æ–¥–∞–Ω–æ –¥–æ —Å–ø–∏—Å–∫—É —É–ª—é–±–ª–µ–Ω–∏—Ö, —ñ–∫–æ–Ω–∫–∞ —Å–µ—Ä—Ü—è –º–∞—î –ø—ñ–¥—Å–≤—ñ—á—É–≤–∞—Ç–∏—Å—å
 - –∫–Ω–æ–ø–∫—É —Ç–∏–ø—É ""button"" —É –≤–∏–≥–ª—è–¥—ñ —ñ–∫–æ–Ω–∫–∏-—Å—Ç—Ä—ñ–ª–æ—á–∫–∏, –ø–æ click—É –Ω–∞ —è–∫—É –∫–æ—Ä–∏—Å—Ç—É–≤–∞—á–∞ –º–∞—î –ø–µ—Ä–µ–Ω–∞–ø—Ä–∞–≤–ª—è—Ç–∏ –Ω–∞ —Å—Ç–æ—Ä—ñ–Ω–∫—É RecipePage",RecipeCard,Ivan Yanchyk,Done,,
"–ù–µ–æ–±—Ö—ñ–¥–Ω–æ —Ä–µ–∞–ª—ñ–∑—É–≤–∞—Ç–∏ ""—Å–µ—Ä–≤–µ—Ä–Ω—É"" –ø–∞–≥—ñ–Ω–∞—Ü—ñ—é, –ø–æ click—É –ø–æ –ø–æ—Ä—è–¥–∫–æ–≤–æ–º—É –Ω–æ–º–µ—Ä—É —è–∫–æ—ó —Å–ª—ñ–¥ –≤—ñ–¥–ø—Ä–∞–≤–ª—è—Ç–∏ –∑–∞–ø–∏—Ç –Ω–∞ backend  –∑ —É—Ä–∞—Ö—É–≤–∞–Ω–Ω—è–º —É—Å—ñ—Ö –ø–∞—Ä–∞–º–µ—Ç—Ä—ñ–≤ —Ñ—ñ–ª—å—Ç—Ä–∞—Ü—ñ—ó —Ç–∞ –ø–∞–≥—ñ–Ω–∞—Ü—ñ—ó. –ü–æ –∑–∞–º–æ–≤—á—É–≤–∞–Ω–Ω—é –ø–æ—Ä—è–¥–∫–æ–≤–∏–π –Ω–æ–º–µ—Ä —Å—Ç–æ—Ä—ñ–Ω–∫–∏ –º–∞—î –∑–Ω–∞—á–µ–Ω–Ω—è 1",RecipePagination,üëΩ,üê∏,,
"–ö–æ–º–ø–æ–Ω–µ–Ω—Ç –º—ñ—Å—Ç–∏—Ç—å —Å–ª–∞–π–¥–µ—Ä –∑ –≤—ñ–¥–≥—É–∫–∞–º–∏ –∫–æ—Ä–∏—Å—Ç—É–≤–∞—á—ñ–≤, –∑–∞–∑–¥–∞–ª–µ–≥—ñ–¥—å –æ—Ç—Ä–∏–º–∞–Ω–∏—Ö –∑ backend—É. –ö–æ–º–ø–æ–Ω–µ–Ω—Ç —Å–∫–ª–∞–¥–∞—î—Ç—å—Å—è –∑:
- –ø—ñ–¥–∑–∞–≥–æ–ª–æ–≤–∫—É —Å–µ–∫—Ü—ñ—ó
- –∑–∞–≥–æ–ª–æ–≤–∫—É —Å–µ–∫—Ü—ñ—ó
- —Å–ª–∞–π–¥–µ—Ä—É –≤—ñ–¥–≥—É–∫—ñ–≤, –∫–æ–∂–µ–Ω —Å–ª–∞–π–¥ —è–∫–æ–≥–æ –º—ñ—Å—Ç–∏—Ç—å:
      - —Ç–µ–∫—Å—Ç –≤—ñ–¥–≥—É–∫—É
      - —ñ–º'—è –∞–≤—Ç–æ—Ä–∞ –≤—ñ–¥–≥—É–∫—É

–°–ª–∞–π–¥–∏ –≤—ñ–¥–≥—É–∫—ñ–≤ –ø–µ—Ä–µ–≥–æ—Ä—Ç–∞—é—Ç—å—Å—è –∞–≤—Ç–æ–º–∞—Ç–∏—á–Ω–æ –∑–∞ –∑–∞–¥–∞–Ω–∏–º —ñ–Ω—Ç–µ—Ä–≤–∞–ª–æ–º —á–∞—Å—É. –ö–æ—Ä–∏—Å—Ç—É–≤–∞—á—ñ —Ç–∞–∫–æ–∂ –º–æ–∂—É—Ç—å –≤—Ä—É—á–Ω—É –≥–æ—Ä—Ç–∞—Ç–∏ —Å–ª–∞–π–¥–µ—Ä –∑–∞ –¥–æ–ø–æ–º–æ–≥–æ—é –ø–∞–≥—ñ–Ω–∞—Ü—ñ—ó, —Ä–æ–∑—Ç–∞—à–æ–≤–∞–Ω–æ—ó –ø—ñ–¥ —Å–ª–∞–π–¥–µ—Ä–æ–º",Testimonials,Dina Khomenko,Doing,,
"RecipePage - –ø—É–±–ª—ñ—á–Ω–∏–π –º–∞—Ä—à—Ä—É—Ç ""/recipe/:id""",,üëΩ,üê∏,,
"–°—Ç–æ—Ä—ñ–Ω–∫–∞ –º—ñ—Å—Ç–∏—Ç—å:
- PathInfo - —É–Ω—ñ–≤–µ—Ä—Å–∞–ª—å–Ω–∏–π –∫–æ–º–ø–æ–Ω–µ–Ω—Ç, —â–æ –≤—ñ–¥–º–∞–ª—å–æ–≤—É—î –ø–æ—Å–∏–ª–∞–Ω–Ω—è –Ω–∞ —Å—Ç–æ—Ä—ñ–Ω–∫—É HomePage —Ç–∞ –Ω–∞–∑–≤—É —Å—Ç–æ—Ä—ñ–Ω–∫–∏, –Ω–∞ —è–∫—ñ–π –ø–µ—Ä–µ–±—É–≤–∞—î 
–∫–æ—Ä–∏—Å—Ç—É–≤–∞—á
- RecipeInfo 
- PopularRecipes",,üëΩ,üê∏,,
"–ö–æ–º–ø–æ–Ω–µ–Ω—Ç –º—ñ—Å—Ç–∏—Ç—å –¥–µ—Ç–∞–ª—å–Ω—É —ñ–Ω—Ñ–æ—Ä–º–∞—Ü—ñ—é –ø—Ä–æ —Ä–µ—Ü–µ–ø—Ç, –æ—Ç—Ä–∏–º–∞–Ω—É –∑ backend–∞. –î–ª—è —Ü—å–æ–≥–æ —Å–ª—ñ–¥ —â–µ –¥–æ –≤—ñ–¥–º–∞–ª—é–≤–∞–Ω–Ω—è –∫–æ–º–ø–æ–Ω–µ–Ω—Ç—É –≤—Å—Ç–∞–Ω–æ–≤–∏—Ç–∏ id —Ä–µ—Ü–µ–ø—Ç–∞, –ø–æ —è–∫–æ–º—É –ø–µ—Ä–µ–π—à–æ–≤ –∫–æ—Ä–∏—Å—Ç—É–≤–∞—á –Ω–∞ —Å—Ç–æ—Ä—ñ–Ω–∫—É, —Ç–∞ –Ω–∞–¥—ñ—Å–ª–∞—Ç–∏ –∑–∞–ø–∏—Ç –Ω–∞ backend. –ö–æ–º–ø–æ–Ω–µ–Ω—Ç —Å–∫–ª–∞–¥–∞—î—Ç—å—Å—è –∑:
- RecipeMainInfo
- RecipeIngredients
- RecipePreparation",RecipeInfo,üëΩ,üê∏,,
"–ö–æ–º–ø–æ–Ω–µ–Ω—Ç –æ—Ç—Ä–∏–º—É—î –≤ –ø—Ä–æ–ø—Å–∞—Ö –¥–∞–Ω—ñ —Ç–∞ –≤—ñ–¥–º–∞–ª—å–æ–≤—É—î:
- –∑–æ–±—Ä–∞–∂–µ–Ω–Ω—è —Ä–µ—Ü–µ–ø—Ç–∞
- –Ω–∞–∑–≤—É —Å—Ç—Ä–∞–≤–∏
- –∫–∞—Ç–µ–≥–æ—Ä—ñ—é —Å—Ç—Ä–∞–≤, –¥–æ —è–∫–æ—ó –Ω–∞–ª–µ–∂–∏—Ç—å —Ü–µ–π —Ä–µ—Ü–µ–ø—Ç
- –æ–ø–∏—Å —Å—Ç—Ä–∞–≤–∏, —â–æ –æ–ø–∏—Å–∞–Ω–∞ –≤ —Ä–µ—Ü–µ–ø—Ç—ñ
- —ñ–Ω—Ñ–æ—Ä–º–∞—Ü—ñ—é –ø—Ä–æ –∞–≤—Ç–æ—Ä–∞ —Ä–µ—Ü–µ–ø—Ç–∞, —â–æ –º–∞—î –±—É—Ç–∏ —Ä–µ–∞–ª—ñ–∑–æ–≤–∞–Ω–∞ —É –≤–∏–≥–ª—è–¥—ñ –∫–Ω–æ–ø–∫–∏ —Ç–∏–ø—É ""button"", –ø–æ click—É –Ω–∞ —è–∫—É
   - –Ω–µ–∞–≤—Ç–æ—Ä–∏–∑–æ–≤–∞–Ω–æ–º—É –∫–æ—Ä–∏—Å—Ç—É–≤–∞—á–µ–≤—ñ —Å–ª—ñ–¥ –≤—ñ–¥–∫—Ä–∏–≤–∞—Ç–∏ –º–æ–¥–∞–ª—å–Ω–µ –≤—ñ–∫–Ω–æ Modal, —â–æ –º—ñ—Å—Ç–∏—Ç—å SignInModal
   - –∞–≤—Ç–æ—Ä–∏–∑–æ–≤–∞–Ω–æ–≥–æ –∫–æ—Ä–∏—Å—Ç—É–≤–∞—á–∞ —Å–ª—ñ–¥ –ø–µ—Ä–µ–Ω–∞–ø—Ä–∞–≤–∏—Ç–∏ –Ω–∞ —Å—Ç–æ—Ä—ñ–Ω–∫—É UserPage –∑ –ø—Ä–æ—Ñ—ñ–ª–µ–º –∞–≤—Ç–æ—Ä–∞ ",RecipeMainInfo,üëΩ,üê∏,,
"–ö–æ–º–ø–æ–Ω–µ–Ω—Ç –æ—Ç—Ä–∏–º—É—î –≤ –ø—Ä–æ–ø—Å–∞—Ö –¥–∞–Ω—ñ —Ç–∞ –≤—ñ–¥–º–∞–ª—å–æ–≤—É—î —Å–ø–∏—Å–æ–∫ –µ–ª–µ–º–µ–Ω—Ç—ñ–≤, –∫–æ–∂–µ–Ω –∑ —è–∫–∏—Ö –º—ñ—Å—Ç–∏—Ç—å –≤ —Å–æ–±—ñ:
- –∑–æ–±—Ä–∞–∂–µ–Ω–Ω—è —ñ–Ω–≥—Ä–µ–¥—ñ—î–Ω—Ç–∞ –∞–±–æ –≤—ñ–¥–ø–æ–≤—ñ–¥–Ω–∏–π –ø–ª–µ–π—Å—Ö–æ–ª–¥–µ—Ä
- –Ω–∞–∑–≤—É —ñ–Ω–≥—Ä–µ–¥—ñ—î–Ω—Ç–∞
- –π–æ–≥–æ –∫—ñ–ª—å–∫—ñ—Å—Ç—å",RecipeIngredients,üëΩ,üê∏,,
"–ö–æ–º–ø–æ–Ω–µ–Ω—Ç –æ—Ç—Ä–∏–º—É—î –≤ –ø—Ä–æ–ø—Å–∞—Ö –¥–∞–Ω—ñ —Ç–∞ –≤—ñ–¥–º–∞–ª—å–æ–≤—É—î:
- –æ–ø–∏—Å –ø—Ä–∏–≥–æ—Ç—É–≤–∞–Ω–Ω—è —Å—Ç—Ä–∞–≤–∏
- –∫–Ω–æ–ø–∫—É —Ç–∏–ø—É ""button"" Add to favorites –∞–±–æ Remove from favorites
Click –ø–æ –∫–Ω–æ–ø—Ü—ñ Add to favorites –ø–æ–≤–∏–Ω–µ–Ω –≤–∏–∫–æ–Ω—É–≤–∞—Ç–∏ –∑–∞–ø–∏—Ç —ñ –¥–æ–¥–∞–≤–∞—Ç–∏ –¥–∞–Ω–∏–π —Ä–µ—Ü–µ–ø—Ç –≤ —Å–ø–∏—Å–æ–∫ —É–ª—é–±–ª–µ–Ω–∏—Ö —Ä–µ—Ü–µ–ø—Ç—ñ–≤ –∫–æ—Ä–∏—Å—Ç—É–≤–∞—á–∞. –Ø–∫—â–æ —Ç–∞–∫–∏–π —Ä–µ—Ü–µ–ø—Ç –≤–∂–µ —î –≤ —Å–ø–∏—Å–∫—É —É–ª—é–±–ª–µ–Ω–∏—Ö, —Ç–æ –Ω–∞ –º—ñ—Å—Ü—ñ Add to favorites –ø–æ–≤–∏–Ω–Ω–∞ –±—É—Ç–∏ –∫–Ω–æ–ø–∫–∞ Remove from favorites, click –ø–æ –∫–æ—Ç—Ä—ñ–π –≤–∏–¥–∞–ª—è—î —Ä–µ—Ü–µ–ø—Ç –∑—ñ —Å–ø–∏—Å–∫—É —É–ª—é–±–ª–µ–Ω–∏—Ö.",RecipePreparation,üëΩ,üê∏,,
"–ö–æ–º–ø–æ–Ω–µ–Ω—Ç –º—ñ—Å—Ç–∏—Ç—å:
- –∑–∞–≥–æ–ª–æ–≤–æ–∫ —Å–µ–∫—Ü—ñ—ó
- —Å–ø–∏—Å–æ–∫ –ø–æ–ø—É–ª—è—Ä–Ω–∏—Ö —Ä–µ—Ü–µ–ø—Ç—ñ–≤, –µ–ª–µ–º–µ–Ω—Ç–∏ —è–∫–æ–≥–æ —î —É–Ω—ñ–≤–µ—Ä—Å–∞–ª—å–Ω–∏–º –∫–æ–º–ø–æ–Ω–µ–Ω—Ç–æ–º RecipeCard, –æ–ø–∏—Å–∞–Ω–∏–π –≤–∏—â–µ",PopularRecipes,üëΩ,üê∏,,
"AddRecipePage - –ø—Ä–∏–≤–∞—Ç–Ω–∏–π –º–∞—Ä—à—Ä—É—Ç ""/recipe/add""",,üëΩ,üê∏,,
"–°—Ç–æ—Ä—ñ–Ω–∫–∞ –º—ñ—Å—Ç–∏—Ç—å:
- PathInfo - —É–Ω—ñ–≤–µ—Ä—Å–∞–ª—å–Ω–∏–π –∫–æ–º–ø–æ–Ω–µ–Ω—Ç, —â–æ –≤—ñ–¥–º–∞–ª—å–æ–≤—É—î –ø–æ—Å–∏–ª–∞–Ω–Ω—è –Ω–∞ —Å—Ç–æ—Ä—ñ–Ω–∫—É HomePage —Ç–∞ –Ω–∞–∑–≤—É —Å—Ç–æ—Ä—ñ–Ω–∫–∏, –Ω–∞ —è–∫—ñ–π –ø–µ—Ä–µ–±—É–≤–∞—î
–∫–æ—Ä–∏—Å—Ç—É–≤–∞—á
- MainTitle - —É–Ω—ñ–≤–µ—Ä—Å–∞–ª—å–Ω–∏–π –∫–æ–º–ø–æ–Ω–µ–Ω—Ç, —â–æ –≤—ñ–¥–º–∞–ª—å–æ–≤—É—î –∑–∞–≥–æ–ª–æ–≤–æ–∫ —ñ –≤–∏–∫–æ—Ä–∏—Å—Ç–æ–≤—É—î—Ç—å—Å—è –Ω–∞ —Ä—ñ–∑–Ω–∏—Ö —Å—Ç–æ—Ä—ñ–Ω–∫–∞—Ö –∑–∞—Å—Ç–æ—Å—É–Ω–∫—É
- Subtitle - —É–Ω—ñ–≤–µ—Ä—Å–∞–ª—å–Ω–∏–π –∫–æ–º–ø–æ–Ω–µ–Ω—Ç, —â–æ –≤—ñ–¥–º–∞–ª—å–æ–≤—É—î –ø—ñ–¥–∑–∞–≥–æ–ª–æ–≤–æ–∫ —ñ –≤–∏–∫–æ—Ä–∏—Å—Ç–æ–≤—É—î—Ç—å—Å—è –Ω–∞ —Ä—ñ–∑–Ω–∏—Ö —Å—Ç–æ—Ä—ñ–Ω–∫–∞—Ö –∑–∞—Å—Ç–æ—Å—É–Ω–∫—É
- AddRecipeForm",,üëΩ,üê∏,,
"AddRecipeForm –º–∞—î –±—É—Ç–∏ —Ä–µ–∞–ª—ñ–∑–æ–≤–∞–Ω–∞ –∑–∞ –¥–æ–ø–æ–º–æ–≥–æ—é –±—ñ–±–ª—ñ–æ—Ç–µ–∫ react-hook-form (–¥–ª—è —É–ø—Ä–∞–≤–ª—ñ–Ω–Ω—è —Å—Ç–∞–Ω–æ–º —Ñ–æ—Ä–º–∏) + Yup (–¥–ª—è –≤–∞–ª—ñ–¥–∞—Ü—ñ—ó —Ñ–æ—Ä–º–∏), —â–æ –Ω–∞–¥–∞—î –º–æ–∂–ª–∏–≤—ñ—Å—Ç—å —Å—Ç–≤–æ—Ä–∏—Ç–∏ –Ω–æ–≤–∏–π —Ä–µ—Ü–µ–ø—Ç.
–§–æ—Ä–º–∞ –º—ñ—Å—Ç–∏—Ç—å:
 - input —Ç–∏–ø—É file –¥–ª—è –¥–æ–¥–∞–≤–∞–Ω–Ω—è —Ñ–æ—Ç–æ —Ä–µ—Ü–µ–ø—Ç–∞. –î–ª—è –≤—ñ–¥–º–∞–ª—é–≤–∞–Ω–Ω—è —Ç–∏–º—á–∞—Å–æ–≤–æ–≥–æ —Ñ–∞–π–ª—É –∑ –∑–æ–±—Ä–∞–∂–µ–Ω–Ω—è–º —Ä–µ—Ü–µ–ø—Ç–∞ –≤–∏–∫–æ—Ä–∏—Å—Ç–æ–≤—É–π—Ç–µ URL.createObjectURL()
 - input –¥–ª—è –¥–æ–¥–∞–≤–∞–Ω–Ω—è –Ω–∞–∑–≤–∏ —Ä–µ—Ü–µ–ø—Ç–∞
 - input –¥–ª—è –¥–æ–¥–∞–≤–∞–Ω–Ω—è –π–æ–≥–æ –∫–æ—Ä–æ—Ç–∫–æ–≥–æ –æ–ø–∏—Å—É –∑ –ª—ñ—á–∏–ª—å–Ω–∏–∫–æ–º –≤–≤–µ–¥–µ–Ω–∏—Ö —Å–∏–º–≤–æ–ª—ñ–≤ (–æ–±–º–µ–∂–µ–Ω–Ω—è –Ω–µ –±—ñ–ª—å—à 200 —Å–∏–º–≤–æ–ª—ñ–≤)
 - —Å—Ç–∏–ª—ñ–∑–æ–≤–∞–Ω–∏–π select –¥–ª—è –¥–æ–¥–∞–≤–∞–Ω–Ω—è –∫–∞—Ç–µ–≥–æ—Ä—ñ—ó —Ä–µ—Ü–µ–ø—Ç–∞ (–ø–æ click—É –Ω–∞ —è–∫–∏–π –º–∞—î –∑ º—è–≤–ª—è—Ç–∏—Å—å –≤–∏–ø–∞–¥–∞—é—á–∏–π —Å–ø–∏—Å–æ–∫ –∫–∞—Ç–µ–≥–æ—Ä—ñ–π, –æ—Ç—Ä–∏–º–∞–Ω–∏—Ö –∑–∞–∑–¥–∞–ª–µ–≥—ñ–¥—å –∑ backend–∞)
 - —Å—Ç–∏–ª—ñ–∑–æ–≤–∞–Ω–∏–π –ª—ñ—á–∏–ª—å–Ω–∏–∫ –≤–∏–∑–Ω–∞—á–µ–Ω–Ω—è —á–∞—Å—É –ø—Ä–∏–≥–æ—Ç—É–≤–∞–Ω–Ω—è —Å—Ç—Ä–∞–≤–∏ (–æ–±–º–µ–∂–µ–Ω–Ω—è –Ω–µ –º–µ–Ω—à 1 —Ö–≤–∏–ª–∏–Ω–∏)
 - —Å—Ç–∏–ª—ñ–∑–æ–≤–∞–Ω–∏–π select –¥–ª—è –¥–æ–¥–∞–≤–∞–Ω–Ω—è —ñ–Ω–≥—Ä–µ–¥—ñ—î–Ω—Ç–∞ (–ø–æ click—É –Ω–∞ —è–∫–∏–π –º–∞—î –∑ º—è–≤–ª—è—Ç–∏—Å—å –≤–∏–ø–∞–¥–∞—é—á–∏–π —Å–ø–∏—Å–æ–∫ —ñ–Ω–≥—Ä–µ–¥—ñ—î–Ω—Ç—ñ–≤, –æ—Ç—Ä–∏–º–∞–Ω–∏—Ö –∑–∞–∑–¥–∞–ª–µ–≥—ñ–¥—å –∑ backend–∞)
 - input –¥–ª—è –¥–æ–¥–∞–≤–∞–Ω–Ω—è –∫—ñ–ª—å–∫–æ—Å—Ç—ñ –æ–±—Ä–∞–Ω–æ–≥–æ —ñ–Ω–≥—Ä–µ–¥—ñ—î–Ω—Ç–∞ –≤ —Ä–µ—Ü–µ–ø—Ç—ñ
 - –∫–Ω–æ–ø–∫—É —Ç–∏–ø—É ""button"" Add ingredient+, –ø–æ click—É –Ω–∞ —è–∫—É –º–∞—î –∑–±–µ—Ä—ñ–≥–∞—Ç–∏—Å—å —ñ–Ω—Ñ–æ—Ä–º–∞—Ü—ñ—è –ø—Ä–æ —ñ–Ω–≥—Ä–µ–¥—ñ—î–Ω—Ç –≤ –ø–µ—Ä–µ–ª—ñ–∫—É —ñ–Ω–≥—Ä–µ–¥—ñ—î–Ω—Ç—ñ–≤ —É —Ä–µ—Ü–µ–ø—Ç—ñ
 - –ø–µ—Ä–µ–ª—ñ–∫ –¥–æ–¥–∞–Ω–∏—Ö —ñ–Ω–≥—Ä–µ–¥—ñ—î–Ω—Ç—ñ–≤, —â–æ –≤—ñ–¥–º–∞–ª—å–æ–≤—É—é—Ç—å—Å—è —É –≤–∏–≥–ª—è–¥—ñ —Å–ø–∏—Å–∫—É –∫–∞—Ä—Ç–æ–∫ –∑ –∑–æ–±—Ä–∞–∂–µ–Ω–Ω—è–º —ñ–Ω–≥—Ä–µ–¥—ñ—î–Ω—Ç–∞, –π–æ–≥–æ –Ω–∞–∑–≤–æ—é, –∫—ñ–ª—å–∫—ñ—Å—Ç—é —ñ –∫–Ω–æ–ø–∫–æ—é —Ç–∏–ø—É button, –ø–æ click—É –Ω–∞ —è–∫—É –≤—ñ–¥–ø–æ–≤—ñ–¥–Ω–∏–π —ñ–Ω–≥—Ä–µ–¥—ñ—î–Ω—Ç –º–∞—î –±—É—Ç–∏ –≤–∏–¥–∞–ª–µ–Ω–∏–π –∑ –ø–µ—Ä–µ–ª—ñ–∫—É
 - textarea –¥–ª—è –¥–æ–¥–∞–≤–∞–Ω–Ω—è —ñ–Ω—Å—Ç—Ä—É–∫—Ü—ñ—ó —â–æ–¥–æ –ø—Ä–∏–≥–æ—Ç—É–≤–∞–Ω–Ω—è —Ä–µ—Ü–µ–ø—Ç–∞ –∑ –ª—ñ—á–∏–ª—å–Ω–∏–∫–æ–º –≤–≤–µ–¥–µ–Ω–∏—Ö —Å–∏–º–≤–æ–ª—ñ–≤  (–æ–±–º–µ–∂–µ–Ω–Ω—è –Ω–µ –±—ñ–ª—å—à 200 —Å–∏–º–≤–æ–ª—ñ–≤)
 - –∫–Ω–æ–ø–∫—É —Ç–∏–ø—É ""button"" —É –≤–∏–≥–ª—è–¥—ñ —ñ–∫–æ–Ω–∫–∏-—Å–º—ñ—Ç–Ω–∏–∫–∞, –ø–æ click—É –Ω–∞ —è–∫—É –≤—Å—ñ –ø–æ–ª—è —Ñ–æ—Ä–º–∏ –º–∞—é—Ç—å –±—É—Ç–∏ –æ—á–∏—â–µ–Ω–∏–º–∏
 - –∫–Ω–æ–ø–∫—É —Ç–∏–ø—É ""submit"" Publish, –ø–æ click—É –Ω–∞ —è–∫—É 
   - –º–∞—î –∞–∫—Ç–∏–≤—É–≤–∞—Ç–∏—Å—å –ø–µ—Ä–µ–≤—ñ—Ä–∫–∞ –Ω–∞ –≤–∞–ª—ñ–¥–Ω—ñ—Å—Ç—å –≤–≤–µ–¥–µ–Ω–∏—Ö –∑–Ω–∞—á–µ–Ω—å. –í—Å—ñ –ø–æ–ª—è —Ñ–æ—Ä–º–∏ —î –æ–±–æ–≤ º—è–∑–∫–æ–≤–∏–º–∏ –¥–æ –∑–∞–ø–æ–≤–Ω–µ–Ω–Ω—è. –£ —Ä–∞–∑—ñ, —è–∫—â–æ –≤–≤–µ–¥–µ–Ω–µ –∑–Ω–∞—á–µ–Ω–Ω—è –Ω–µ –≤–∞–ª—ñ–¥–Ω–µ, - –∫–æ—Ä–∏—Å—Ç—É–≤–∞—á–∞ —Å–ª—ñ–¥ –ø–æ–ø–µ—Ä–µ–¥–∏—Ç–∏ –ø—Ä–æ —Ü–µ, –ø—ñ–¥—Å–≤—ñ—Ç–∏–≤—à–∏ —Ü–µ –ø–æ–ª–µ —á–µ—Ä–≤–æ–Ω–∏–º —ñ –ø–æ—ñ–Ω—Ñ–æ—Ä–º—É–≤–∞–≤—à–∏ –π–æ–≥–æ –ø—Ä–æ –ø—Ä–∏—á–∏–Ω—É –Ω–µ–≤–∞–ª—ñ–¥–Ω–æ—Å—Ç—ñ –∑–Ω–∞—á–µ–Ω–Ω—è
   - —É —Ä–∞–∑—ñ, —è–∫—â–æ –≤—Å—ñ –≤–≤–µ–¥–µ–Ω—ñ –∑–Ω–∞—á–µ–Ω–Ω—è —î –≤–∞–ª—ñ–¥–Ω–∏–º–∏, –º–∞—î –≤—ñ–¥–ø—Ä–∞–≤–ª—è—Ç–∏—Å—å –∑–∞–ø–∏—Ç –Ω–∞ backend —â–æ–¥–æ —Å—Ç–≤–æ—Ä–µ–Ω–Ω—è –Ω–æ–≤–æ–≥–æ —Ä–µ—Ü–µ–ø—Ç—É —Ñ–æ—Ä–º–∞—Ç—É —É –≤–∏–≥–ª—è–¥—ñ –æ–± º—î–∫—Ç—É FormData
   - —è–∫—â–æ backend –ø–æ–≤–µ—Ä–Ω—É–≤ –ø–æ–º–∏–ª–∫—É - –Ω–µ–æ–±—Ö—ñ–¥–Ω–æ —ó—ó –æ–ø—Ä–∞—Ü—é–≤–∞—Ç–∏ —ñ –≤—ñ–¥–æ–±—Ä–∞–∑–∏—Ç–∏ –∫–æ—Ä–∏—Å—Ç—É–≤–∞—á–µ–≤—ñ —É –≤–∏–≥–ª—è–¥—ñ –≤—Å–ø–ª–∏–≤–∞—é—á–æ–≥–æ –≤—ñ–∫–æ–Ω–µ—á–∫–∞-notification
   - —è–∫—â–æ –∑–∞–ø–∏—Ç –Ω–∞ backend –ø—Ä–æ–π—à–æ–≤ —É—Å–ø—ñ—à–Ω–æ, –∫–æ—Ä–∏—Å—Ç—É–≤–∞—á–∞ —Å–ª—ñ–¥ –ø–µ—Ä–µ–Ω–∞–ø—Ä–∞–≤–∏—Ç–∏ –Ω–∞ —Å—Ç–æ—Ä—ñ–Ω–∫—É UserPage",AddRecipeForm,üëΩ,üê∏,,
"UserPage - –ø—Ä–∏–≤–∞—Ç–Ω–∏–π –º–∞—Ä—à—Ä—É—Ç ""/user/:id""",,Artem Getman,üê∏,,
"–°—Ç–æ—Ä—ñ–Ω–∫–∞ –º—ñ—Å—Ç–∏—Ç—å:
- PathInfo - —É–Ω—ñ–≤–µ—Ä—Å–∞–ª—å–Ω–∏–π –∫–æ–º–ø–æ–Ω–µ–Ω—Ç, —â–æ –≤—ñ–¥–º–∞–ª—å–æ–≤—É—î –ø–æ—Å–∏–ª–∞–Ω–Ω—è –Ω–∞ —Å—Ç–æ—Ä—ñ–Ω–∫—É HomePage —Ç–∞ –Ω–∞–∑–≤—É —Å—Ç–æ—Ä—ñ–Ω–∫–∏, –Ω–∞ —è–∫—ñ–π –ø–µ—Ä–µ–±—É–≤–∞—î
–∫–æ—Ä–∏—Å—Ç—É–≤–∞—á
- MainTitle - —É–Ω—ñ–≤–µ—Ä—Å–∞–ª—å–Ω–∏–π –∫–æ–º–ø–æ–Ω–µ–Ω—Ç, —â–æ –≤—ñ–¥–º–∞–ª—å–æ–≤—É—î –∑–∞–≥–æ–ª–æ–≤–æ–∫ —ñ –≤–∏–∫–æ—Ä–∏—Å—Ç–æ–≤—É—î—Ç—å—Å—è –Ω–∞ —Ä—ñ–∑–Ω–∏—Ö —Å—Ç–æ—Ä—ñ–Ω–∫–∞—Ö –∑–∞—Å—Ç–æ—Å—É–Ω–∫—É
- Subtitle - —É–Ω—ñ–≤–µ—Ä—Å–∞–ª—å–Ω–∏–π –∫–æ–º–ø–æ–Ω–µ–Ω—Ç, —â–æ –≤—ñ–¥–º–∞–ª—å–æ–≤—É—î –ø—ñ–¥–∑–∞–≥–æ–ª–æ–≤–æ–∫ —ñ –≤–∏–∫–æ—Ä–∏—Å—Ç–æ–≤—É—î—Ç—å—Å—è –Ω–∞ —Ä—ñ–∑–Ω–∏—Ö —Å—Ç–æ—Ä—ñ–Ω–∫–∞—Ö –∑–∞—Å—Ç–æ—Å—É–Ω–∫—É
- UserInfo
- Log Out - –∫–Ω–æ–ø–∫—É —Ç–∏–ø—É ""button"", –ø–æ click—É –Ω–∞ —è–∫—É –º–∞—î –≤—ñ–¥–∫—Ä–∏–≤–∞—Ç–∏—Å—å –º–æ–¥–∞–ª—å–Ω–µ –≤—ñ–∫–Ω–æ Modal, —â–æ –º—ñ—Å—Ç–∏—Ç—å LogOutModal
- –∫–Ω–æ–ø–∫—É —Ç–∏–ø—É ""button"" (–Ω–∞ —Å—Ç–æ—Ä—ñ–Ω—Ü—ñ –ø—Ä–æ—Ñ—ñ–ª—é —ñ–Ω—à–æ–≥–æ –∫–æ—Ä–∏—Å—Ç—É–≤–∞—á–∞)
  - Follow, –ø–æ click—É –Ω–∞ —è–∫—É –º–∞—î –≤—ñ–¥–ø—Ä–∞–≤–ª—è—Ç–∏—Å—å –∑–∞–ø–∏—Ç –Ω–∞ backend –ø—Ä–æ –¥–æ–¥–∞–≤–∞–Ω–Ω—è –≤—ñ–¥–ø–æ–≤—ñ–¥–Ω–æ–≥–æ –∫–æ—Ä–∏—Å—Ç—É–≤–∞—á–∞ –¥–æ –ø–µ—Ä–µ–ª—ñ–∫—É 
–∫–æ—Ä–∏—Å—Ç—É–≤–∞—á—ñ–≤, –∑–∞ –ø—Ä–æ—Ñ—ñ–ª—è–º–∏ —è–∫–∏—Ö —Å–ª—ñ–¥–∫—É—î –∞–≤—Ç–æ—Ä–∏–∑–æ–≤–∞–Ω–∏–π –∫–æ—Ä–∏—Å—Ç—É–≤–∞—á, (–ø—ñ—Å–ª—è —á–æ–≥–æ, –∑–∞–º—ñ—Å—Ç—å –∫–Ω–æ–ø–∫–∏ –º–∞—î –≤—ñ–¥–º–∞–ª—é–≤–∞—Ç–∏—Å—å –∫–Ω–æ–ø–∫–∞ 
Following)–∞–±–æ
  - Following, –ø–æ click—É –Ω–∞ —è–∫—É –º–∞—î –≤—ñ–¥–ø—Ä–∞–≤–ª—è—Ç–∏—Å—å –∑–∞–ø–∏—Ç –Ω–∞ backend –ø—Ä–æ –≤–∏–¥–∞–ª–µ–Ω–Ω—è –≤—ñ–¥–ø–æ–≤—ñ–¥–Ω–æ–≥–æ –∫–æ—Ä–∏—Å—Ç—É–≤–∞—á–∞ –∑ –ø–µ—Ä–µ–ª—ñ–∫—É 
–∫–æ—Ä–∏—Å—Ç—É–≤–∞—á—ñ–≤, –∑–∞ –ø—Ä–æ—Ñ—ñ–ª—è–º–∏ —è–∫–∏—Ö —Å–ª—ñ–¥–∫—É—î –∞–≤—Ç–æ—Ä–∏–∑–æ–≤–∞–Ω–∏–π –∫–æ—Ä–∏—Å—Ç—É–≤–∞—á, (–ø—ñ—Å–ª—è —á–æ–≥–æ, –∑–∞–º—ñ—Å—Ç—å –∫–Ω–æ–ø–∫–∏ –º–∞—î –≤—ñ–¥–º–∞–ª—é–≤–∞—Ç–∏—Å—å 
–∫–Ω–æ–ø–∫–∞ Follow)
- TabsList
- ListItems –∑ RecipePreview –∞–±–æ UserCard (–∑–∞–ª–µ–∂–Ω–æ –≤—ñ–¥ –æ–±—Ä–∞–Ω–æ—ó –≤–∫–ª–∞–¥–∫–∏)
- ListPagination",,Artem Getman,üê∏,,
"–ö–æ–º–ø–æ–Ω–µ–Ω—Ç —Å–∫–ª–∞–¥–∞—î—Ç—å—Å—è –∑:
- –∞–≤–∞—Ç–∞—Ä–∫–∏ –∫–æ—Ä–∏—Å—Ç—É–≤–∞—á–∞ (—É —Ä–∞–∑—ñ –≤—ñ–¥—Å—É—Ç–Ω–æ—Å—Ç—ñ –∞–≤–∞—Ç–∞—Ä–∫–∏ —Å–ª—ñ–¥ –≤—ñ–¥–º–∞–ª—å–æ–≤—É–≤–∞—Ç–∏ –∑–æ–±—Ä–∞–∂–µ–Ω–Ω—è –ø–æ –∑–∞–º–æ–≤—á—É–≤–∞–Ω–Ω—é)
- input —Ç–∏–ø—É file, —â–æ –≤—ñ–¥–º–∞–ª—å–æ–≤—É—î—Ç—å—Å—è –ª–∏—à–µ –Ω–∞ —Å—Ç–æ—Ä—ñ–Ω—Ü—ñ –≤–ª–∞—Å–Ω–æ–≥–æ –ø—Ä–æ—Ñ—ñ–ª—é —Ç–∞ –Ω–∞–¥–∞—î –º–æ–∂–ª–∏–≤—ñ—Å—Ç—å –∫–æ—Ä–∏—Å—Ç—É–≤–∞—á–µ–≤—ñ –¥–æ–¥–∞—Ç–∏ –∞–≤–∞—Ç–∞—Ä–∫—É
- –¥–æ–¥–∞—Ç–∫–æ–≤–æ—ó —ñ–Ω—Ñ–æ—Ä–º–∞—Ü—ñ—ó –ø—Ä–æ –∫–æ—Ä–∏—Å—Ç—É–≤–∞—á–∞ (email, –∫—ñ–ª—å–∫—ñ—Å—Ç—å —Ä–µ—Ü–µ–ø—Ç—ñ–≤, —Å—Ç–≤–æ—Ä–µ–Ω–∏—Ö –∫–æ—Ä–∏—Å—Ç—É–≤–∞—á–µ–º, –∫—ñ–ª—å–∫—ñ—Å—Ç—å —É–ª—é–±–ª–µ–Ω–∏—Ö —Ä–µ—Ü–µ–ø—Ç—ñ–≤, –∫—ñ–ª—å–∫—ñ—Å—Ç—å –∫–æ—Ä–∏—Å—Ç—É–≤–∞—á—ñ–≤, —â–æ —Å–ª—ñ–¥–∫—É—é—Ç—å –∑–∞ –¥–∞–Ω–∏–º –ø—Ä–æ—Ñ—ñ–ª–µ–º, —Ç–∞ –∫—ñ–ª—å–∫—ñ—Å—Ç—å –ø—Ä–æ—Ñ—ñ–ª—ñ–≤, –∑–∞ —è–∫–∏–º–∏ —Å–ª—ñ–¥–∫—É—î –∫–æ—Ä–∏—Å—Ç—É–≤–∞—á, —á–∏–π –ø—Ä–æ—Ñ—ñ–ª—å –≤—ñ–¥–∫—Ä–∏—Ç–æ)",UserInfo,Artem Getman,üê∏,,
"–ö–æ–º–ø–æ–Ω–µ–Ω—Ç –≤—ñ–¥–ø–æ–≤—ñ–¥–∞—î –∑–∞ –≤—ñ–¥–æ–±—Ä–∞–∂–µ–Ω–Ω—è –≤–∫–ª–∞–¥–æ–∫. 
–ö–æ—Ä–∏—Å—Ç—É–≤–∞—á–µ–≤—ñ, —è–∫–∏–π –ø–µ—Ä–µ–±—É–≤–∞—î –Ω–∞ —Å—Ç–æ—Ä—ñ–Ω—Ü—ñ –≤–ª–∞—Å–Ω–æ–≥–æ –ø—Ä–æ—Ñ—ñ–ª—é, –¥–æ—Å—Ç—É–ø–Ω—ñ —Ç–∞–∫—ñ –≤–∫–ª–∞–¥–∫–∏, —è–∫:
- My recipes, —â–æ –≤—ñ–¥–ø–æ–≤—ñ–¥–∞—î –∑–∞ —Ä–µ—Ü–µ–ø—Ç–∏, —Å—Ç–≤–æ—Ä–µ–Ω—ñ –∞–≤—Ç–æ—Ä–∏–∑–æ–≤–∞–Ω–∏–º –∫–æ—Ä–∏—Å—Ç—É–≤–∞—á–µ–º
- My favorites, —â–æ –≤—ñ–¥–ø–æ–≤—ñ–¥–∞—î –∑–∞ —Ä–µ—Ü–µ–ø—Ç–∏, –¥–æ–¥–∞–Ω—ñ –∞–≤—Ç–æ—Ä–∏–∑–æ–≤–∞–Ω–∏–º –∫–æ—Ä–∏—Å—Ç—É–≤–∞—á–µ–º –≤ —É–ª—é–±–ª–µ–Ω—ñ
- Followers, —â–æ –≤—ñ–¥–ø–æ–≤—ñ–¥–∞—î –∑–∞ –ø–µ—Ä–µ–ª—ñ–∫ –∫–æ—Ä–∏—Å—Ç—É–≤–∞—á—ñ–≤, —è–∫—ñ —Å–ª—ñ–¥–∫—É—é—Ç—å –∑–∞ –ø—Ä–æ—Ñ—ñ–ª–µ–º –∞–≤—Ç–æ—Ä–∏–∑–æ–≤–∞–Ω–æ–≥–æ –∫–æ—Ä–∏—Å—Ç—É–≤–∞—á–∞
- Following, —â–æ –≤—ñ–¥–ø–æ–≤—ñ–¥–∞—î –∑–∞ –ø–µ—Ä–µ–ª—ñ–∫ –∫–æ—Ä–∏—Å—Ç—É–≤–∞—á—ñ–≤, –∑–∞ –ø—Ä–æ—Ñ—ñ–ª—è–º–∏ —è–∫–∏—Ö —Å–ª—ñ–¥–∫—É—î –∞–≤—Ç–æ—Ä–∏–∑–æ–≤–∞–Ω–∏–π –∫–æ—Ä–∏—Å—Ç—É–≤–∞—á
–ö–æ—Ä–∏—Å—Ç—É–≤–∞—á–µ–≤—ñ, —è–∫–∏–π –ø–µ—Ä–µ–±—É–≤–∞—î –Ω–∞ —Å—Ç–æ—Ä—ñ–Ω—Ü—ñ —á—É–∂–æ–≥–æ –ø—Ä–æ—Ñ—ñ–ª—é –¥–æ—Å—Ç—É–ø–Ω—ñ –≤–∫–ª–∞–¥–∫–∏:
- Recipes, —â–æ –≤—ñ–¥–ø–æ–≤—ñ–¥–∞—î –∑–∞ —Ä–µ—Ü–µ–ø—Ç–∏, —Å—Ç–≤–æ—Ä–µ–Ω—ñ –≤–ª–∞—Å–Ω–∏–∫–æ–º –ø—Ä–æ—Ñ—ñ–ª—é
- Followers, —â–æ –≤—ñ–¥–ø–æ–≤—ñ–¥–∞—î –∑–∞ –ø–µ—Ä–µ–ª—ñ–∫ –∫–æ—Ä–∏—Å—Ç—É–≤–∞—á—ñ–≤, —è–∫—ñ —Å–ª—ñ–¥–∫—É—é—Ç—å –∑–∞ –≤–ª–∞—Å–Ω–∏–∫–æ–º –ø—Ä–æ—Ñ—ñ–ª—é

–ü–æ click—É –Ω–∞ –≤–∫–ª–∞–¥–∫—É –ø–æ—Ä—è–¥–∫–æ–≤–∏–π –Ω–æ–º–µ—Ä —Å—Ç–æ—Ä—ñ–Ω–∫–∏ –≤ ListPagination –º–∞—î –Ω–∞–±—É–≤–∞—Ç–∏ –ø–æ—á–∞—Ç–∫–æ–≤–æ–≥–æ –∑–Ω–∞—á–µ–Ω–Ω—è 1, –ø—ñ—Å–ª—è —á–æ–≥–æ —Å–ª—ñ–¥ –≤—ñ–¥–ø—Ä–∞–≤–ª—è—Ç–∏ –≤—ñ–¥–ø–æ–≤—ñ–¥–Ω–∏–π –∑–∞–ø–∏—Ç –Ω–∞ backend –¥–ª—è –æ—Ç—Ä–∏–º–∞–Ω–Ω—è —ñ–Ω—Ñ–æ—Ä–º–∞—Ü—ñ—ó –∑ —É—Ä–∞—Ö—É–≤–∞–Ω–Ω—è–º –ø–∞—Ä–∞–º–µ—Ç—Ä—ñ–≤ –ø–∞–≥—ñ–Ω–∞—Ü—ñ—ó. 

–Ø–∫—â–æ backend –ø–æ–≤–µ—Ä–Ω—É–≤ –ø–æ–º–∏–ª–∫—É –∞–±–æ –Ω–µ –∑–Ω–∞–π—à–æ–≤ –≤—ñ–¥–ø–æ–≤—ñ–¥–Ω–æ—ó —ñ–Ω—Ñ–æ—Ä–º–∞—Ü—ñ—ó –≤ ListItems —Å–ª—ñ–¥ –≤—ñ–¥–º–∞–ª—é–≤–∞—Ç–∏ –∑–º—ñ—Å—Ç –ø–æ –∑–∞–º–æ–≤—á—É–≤–∞–Ω–Ω—é.  –Ø–∫—â–æ –∑–∞–ø–∏—Ç –Ω–∞ backend –ø—Ä–æ–π—à–æ–≤ —É—Å–ø—ñ—à–Ω–æ, ListItems –º–∞—î –≤—ñ–¥–º–∞–ª—é–≤–∞—Ç–∏ –æ—Ç—Ä–∏–º–∞–Ω—É —ñ–Ω—Ñ–æ—Ä–º–∞—Ü—ñ—é. –ê–∫—Ç–∏–≤–Ω–∞ –≤–∫–ª–∞–¥–∫–∞ –º–∞—î –ø—ñ–¥—Å–≤—ñ—á—É–≤–∞—Ç–∏—Å—å.",TabsList,Artem Getman,üê∏,,
"–ö–æ–º–ø–æ–Ω–µ–Ω—Ç –æ—Ç—Ä–∏–º—É—î –≤ –ø—Ä–æ–ø—Å–∞—Ö –¥–∞–Ω—ñ —Ç–∞ –≤—ñ–¥–º–∞–ª—å–æ–≤—É—î —Å–ø–∏—Å–æ–∫ RecipePreview –∞–±–æ UserCard, –∑–∞–ª–µ–∂–Ω–æ –≤—ñ–¥ –æ–±—Ä–∞–Ω–æ—ó –≤–∫–ª–∞–¥–∫–∏.",ListItems,Artem Getman,üê∏,,
"–ö–æ–º–ø–æ–Ω–µ–Ω—Ç –º—ñ—Å—Ç–∏—Ç—å:
- –∑–æ–±—Ä–∞–∂–µ–Ω–Ω—è —Ä–µ—Ü–µ–ø—Ç–∞
- –π–æ–≥–æ –Ω–∞–∑–≤—É
- –∫–æ—Ä–æ—Ç–∫–∏–π –æ–ø–∏—Å
- –ø–æ—Å–∏–ª–∞–Ω–Ω—è –Ω–∞ —Å—Ç–æ—Ä—ñ–Ω–∫—É RecipePage —É –≤–∏–≥–ª—è–¥—ñ —ñ–∫–æ–Ω–∫–∏ - —Å—Ç—Ä—ñ–ª–æ—á–∫–∏
- –∫–Ω–æ–ø–∫—É —Ç–∏–ø—É ""button"" —É –≤–∏–≥–ª—è–¥—ñ —ñ–∫–æ–Ω–∫–∏-—Å–º—ñ—Ç–Ω–∏–∫–∞, –ø–æ click—É –Ω–∞ —è–∫—É –º–∞—î –≤—ñ–¥–ø—Ä–∞–≤–ª—è—Ç–∏—Å—å –∑–∞–ø–∏—Ç –Ω–∞ backend –ø—Ä–æ –≤–∏–¥–∞–ª–µ–Ω–Ω—è —Ä–µ—Ü–µ–ø—Ç–∞ –∑ –ø–µ—Ä–µ–ª—ñ–∫—É –≤–ª–∞—Å–Ω–∏—Ö —Ä–µ—Ü–µ–ø—Ç—ñ–≤ –∞–±–æ —É–ª—é–±–ª–µ–Ω–∏—Ö (–∑–∞–ª–µ–∂–Ω–æ –≤—ñ–¥ –≤–∫–ª–∞–¥–∫–∏, –Ω–∞ —è–∫—ñ–π –ø–µ—Ä–µ–±—É–≤–∞—î –∫–æ—Ä–∏—Å—Ç—É–≤–∞—á). –ü—ñ—Å–ª—è —á–æ–≥–æ –∫–∞—Ä—Ç–∫–∞ –∑ —Ä–µ—Ü–µ–ø—Ç–æ–º –º–∞—î –∑–Ω–∏–∫–Ω—É—Ç–∏ –∑ –ø–µ—Ä–µ–ª—ñ–∫—É –±–µ–∑ –ø–µ—Ä–µ–∑–∞–≤–∞–Ω—Ç–∞–∂–µ–Ω–Ω—è —Å—Ç–æ—Ä—ñ–Ω–∫–∏.",RecipePreview,Artem Getman,üê∏,,
"–ö–æ–º–ø–æ–Ω–µ–Ω—Ç –º—ñ—Å—Ç–∏—Ç—å:
- –∞–≤–∞—Ç–∞—Ä–∫—É –∫–æ—Ä–∏—Å—Ç—É–≤–∞—á–∞
- –π–æ–≥–æ —ñ–º º—è
- –∫—ñ–ª—å–∫—ñ—Å—Ç—å –≤–ª–∞—Å–Ω–∏—Ö —Ä–µ—Ü–µ–ø—Ç—ñ–≤ –∫–æ—Ä–∏—Å—Ç—É–≤–∞—á–∞
- –ø–µ—Ä–µ–ª—ñ–∫ —Ä–µ—Ü–µ–ø—Ç—ñ–≤ –∫–æ—Ä–∏—Å—Ç—É–≤–∞—á–∞, —â–æ –≤—ñ–¥–º–∞–ª—å–æ–≤—É—î—Ç—å—Å—è –Ω–∞ –ø–ª–∞–Ω—à–µ—Ç–Ω–∏—Ö —Ç–∞ –¥–µ—Å–∫—Ç–æ–ø–Ω–∏—Ö –¥–µ–≤–∞–π—Å–∞—Ö
- –ø–æ—Å–∏–ª–∞–Ω–Ω—è –Ω–∞ —Å—Ç–æ—Ä—ñ–Ω–∫—É UserPage
- –∫–Ω–æ–ø–∫—É
  –¥–ª—è –≤–∫–ª–∞–¥–∫–∏ Followers
   -  —Ç–∏–ø—É ""button"" Follow, –ø–æ click—É –Ω–∞ —è–∫—É –º–∞—î –≤—ñ–¥–ø—Ä–∞–≤–ª—è—Ç–∏—Å—å –∑–∞–ø–∏—Ç –Ω–∞ backend –ø—Ä–æ –¥–æ–¥–∞–≤–∞–Ω–Ω—è –≤—ñ–¥–ø–æ–≤—ñ–¥–Ω–æ–≥–æ –∫–æ—Ä–∏—Å—Ç—É–≤–∞—á–∞ –¥–æ –ø–µ—Ä–µ–ª—ñ–∫—É 
–∫–æ—Ä–∏—Å—Ç—É–≤–∞—á—ñ–≤, –∑–∞ –ø—Ä–æ—Ñ—ñ–ª—è–º–∏ —è–∫–∏—Ö —Å–ª—ñ–¥–∫—É—î –∞–≤—Ç–æ—Ä–∏–∑–æ–≤–∞–Ω–∏–π –∫–æ—Ä–∏—Å—Ç—É–≤–∞—á, (–ø—ñ—Å–ª—è —á–æ–≥–æ, –∑–∞–º—ñ—Å—Ç—å –∫–Ω–æ–ø–∫–∏ –º–∞—î –≤—ñ–¥–º–∞–ª—é–≤–∞—Ç–∏—Å—å –∫–Ω–æ–ø–∫–∞ 
Following)–∞–±–æ
  -  —Ç–∏–ø—É ""button"" Following, –ø–æ click—É –Ω–∞ —è–∫—É –º–∞—î –≤—ñ–¥–ø—Ä–∞–≤–ª—è—Ç–∏—Å—å –∑–∞–ø–∏—Ç –Ω–∞ backend –ø—Ä–æ –≤–∏–¥–∞–ª–µ–Ω–Ω—è –≤—ñ–¥–ø–æ–≤—ñ–¥–Ω–æ–≥–æ –∫–æ—Ä–∏—Å—Ç—É–≤–∞—á–∞ –∑ –ø–µ—Ä–µ–ª—ñ–∫—É 
–∫–æ—Ä–∏—Å—Ç—É–≤–∞—á—ñ–≤, –∑–∞ –ø—Ä–æ—Ñ—ñ–ª—è–º–∏ —è–∫–∏—Ö —Å–ª—ñ–¥–∫—É—î –∞–≤—Ç–æ—Ä–∏–∑–æ–≤–∞–Ω–∏–π –∫–æ—Ä–∏—Å—Ç—É–≤–∞—á, (–ø—ñ—Å–ª—è —á–æ–≥–æ, –∑–∞–º—ñ—Å—Ç—å –∫–Ω–æ–ø–∫–∏ –º–∞—î –≤—ñ–¥–º–∞–ª—é–≤–∞—Ç–∏—Å—å 
–∫–Ω–æ–ø–∫–∞ Follow)
  –¥–ª—è –≤–∫–ª–∞–¥–∫–∏ Following
  -  —Ç–∏–ø—É ""button"" Following, –ø–æ click—É –Ω–∞ —è–∫—É –º–∞—î –≤—ñ–¥–ø—Ä–∞–≤–ª—è—Ç–∏—Å—å –∑–∞–ø–∏—Ç –Ω–∞ backend –ø—Ä–æ –≤–∏–¥–∞–ª–µ–Ω–Ω—è –≤—ñ–¥–ø–æ–≤—ñ–¥–Ω–æ–≥–æ –∫–æ—Ä–∏—Å—Ç—É–≤–∞—á–∞ –∑ –ø–µ—Ä–µ–ª—ñ–∫—É –∫–æ—Ä–∏—Å—Ç—É–≤–∞—á—ñ–≤, –∑–∞ –ø—Ä–æ—Ñ—ñ–ª—è–º–∏ —è–∫–∏—Ö —Å–ª—ñ–¥–∫—É—î –∞–≤—Ç–æ—Ä–∏–∑–æ–≤–∞–Ω–∏–π –∫–æ—Ä–∏—Å—Ç—É–≤–∞—á. –ü—ñ—Å–ª—è —á–æ–≥–æ –∫–∞—Ä—Ç–∫–∞ –∑ –∫–æ—Ä–∏—Å—Ç—É–≤–∞—á–µ–º –º–∞—î –∑–Ω–∏–∫–Ω—É—Ç–∏ –∑ –ø–µ—Ä–µ–ª—ñ–∫—É –±–µ–∑ –ø–µ—Ä–µ–∑–∞–≤–∞–Ω—Ç–∞–∂–µ–Ω–Ω—è —Å—Ç–æ—Ä—ñ–Ω–∫–∏",UserCard,Artem Getman,üê∏,,
"–ù–µ–æ–±—Ö—ñ–¥–Ω–æ —Ä–µ–∞–ª—ñ–∑—É–≤–∞—Ç–∏ ""—Å–µ—Ä–≤–µ—Ä–Ω—É"" –ø–∞–≥—ñ–Ω–∞—Ü—ñ—é, –ø–æ click—É –ø–æ –ø–æ—Ä—è–¥–∫–æ–≤–æ–º—É –Ω–æ–º–µ—Ä—É —è–∫–æ—ó —Å–ª—ñ–¥ –≤—ñ–¥–ø—Ä–∞–≤–ª—è—Ç–∏ –≤—ñ–¥–ø–æ–≤—ñ–¥–Ω–∏–π –∑–∞–ø–∏—Ç –Ω–∞ backend –∑–∞–ª–µ–∂–Ω–æ –≤—ñ–¥ –æ–±—Ä–∞–Ω–æ—ó –≤–∫–ª–∞–¥–∫–∏, –ø–µ—Ä–µ–¥–∞—é—á–∏ –ø–æ—Ä—è–¥–∫–æ–≤–∏–π –Ω–æ–º–µ—Ä —Å—Ç–æ—Ä—ñ–Ω–∫–∏ —É –≤–∏–≥–ª—è–¥—ñ –ø–∞—Ä–∞–º–µ—Ç—Ä—ñ–≤. –£ —Ä–∞–∑—ñ –≤–∏–¥–∞–ª–µ–Ω–Ω—è –æ—Å—Ç–∞–Ω–Ω—å–æ–≥–æ –µ–ª–µ–º–µ–Ω—Ç–∞ –Ω–∞ —Å—Ç–æ—Ä—ñ–Ω—Ü—ñ, –∫–æ—Ä–∏—Å—Ç—É–≤–∞—á–∞ —Å–ª—ñ–¥ –ø–µ—Ä–µ–Ω–∞–ø—Ä–∞–≤–ª—è—Ç–∏ –Ω–∞ –ø–æ–ø–µ—Ä–µ–¥–Ω—é —Å—Ç–æ—Ä—ñ–Ω–∫—É.",ListPagination,Artem Getman,üê∏,,
Modals,,Andrii Mashtaler,üê∏,,
"–£–Ω—ñ–≤–µ—Ä—Å–∞–ª—å–Ω–∏–π –∫–æ–º–ø–æ–Ω–µ–Ω—Ç, —â–æ –≤—ñ–¥–º–∞–ª—å–æ–≤—É—î —É –º–æ–¥–∞–ª—å–Ω–æ–º—É –≤—ñ–∫–Ω—ñ –∫–æ–Ω—Ç–µ–Ω—Ç,  –ø–µ—Ä–µ–¥–∞–Ω–∏–π –≤ —è–∫–æ—Å—Ç—ñ children, —Ç–∞ 1 —Ñ—É–Ω–∫—Ü—ñ–æ–Ω–∞–ª—å–Ω—É –∫–Ω–æ–ø–∫—É —Ç–∏–ø—É ""button"" –¥–ª—è —ó—ó –∑–∞–∫—Ä–∏—Ç—Ç—è. –ú–æ–¥–∞–ª—å–Ω–µ –≤—ñ–∫–Ω–æ –ø–æ–≤–∏–Ω–Ω–æ –∑–∞–∫—Ä–∏–≤–∞—Ç–∏—Å—å –ø–æ click—É –Ω–∞ –∫–Ω–æ–ø–∫—É-—ñ–∫–æ–Ω–∫—É –∑–∞–∫—Ä–∏—Ç—Ç—è, click—É –ø–æ backdrop—É, –∞ —Ç–∞–∫–æ–∂ –ø–æ –Ω–∞—Ç–∏—Å–∫–∞–Ω–Ω—é –Ω–∞ –∫–ª–∞–≤—ñ—à—É Escape. ",Modal,Andrii Mashtaler,üê∏,,
"–ö–æ–º–ø–æ–Ω–µ–Ω—Ç –º—ñ—Å—Ç–∏—Ç—å:
- –∑–∞–≥–æ–ª–æ–≤–æ–∫
- SignUpForm
- –∫–Ω–æ–ø–∫—É —Ç–∏–ø—É ""button"" Sign in, –ø–æ click—É –Ω–∞ —è–∫—É –º–∞—î –≤—ñ–¥–º–∞–ª—é–≤–∞—Ç–∏—Å—å SignInModal",SignUpModal,Andrii Mashtaler,üê∏,,
"–ö–æ–º–ø–æ–Ω–µ–Ω—Ç, —â–æ –º—ñ—Å—Ç–∏—Ç—å —Ñ–æ—Ä–º—É, —è–∫–∞ —Å–∫–ª–∞–¥–∞—î—Ç—å—Å—è –∑ input—ñ–≤ Name, Email, Password —Ç–∞ –∫–Ω–æ–ø–∫–∏ —Ç–∏–ø—É ""submit"" - Create. 

Input Password –º—ñ—Å—Ç–∏—Ç—å —Ç–∞–∫–æ–∂ –∫–Ω–æ–ø–∫—É —Ç–∏–ø—É ""button"" —É –≤–∏–≥–ª—è–¥—ñ —ñ–∫–æ–Ω–∫–∏-–æ–∫–∞(–∑–∞–∫—Ä–µ—Å–ª–µ–Ω–æ–≥–æ –∞–±–æ –Ω—ñ). 
–ü–æ click—É –Ω–∞ –∫–Ω–æ–ø–∫—É –∑ —ñ–∫–æ–Ω–∫–æ—é –∑–∞–∫—Ä–µ—Å–ª–µ–Ω–æ–≥–æ –æ–∫–∞, —ñ–∫–æ–Ω–∫–∞ –º–∞—î –∑–º—ñ–Ω–∏—Ç–∏—Å—è –Ω–∞ —ñ–∫–æ–Ω–∫—É –≤—ñ–¥–∫—Ä–∏—Ç–æ–≥–æ –æ–∫–∞, —â–æ–± –≤—ñ–∑—É–∞–ª—ñ–∑—É–≤–∞—Ç–∏ –∫–æ—Ä–∏—Å—Ç—É–≤–∞—á–µ–≤—ñ, —â–æ –ø–∞—Ä–æ–ª—å —Ç–µ–ø–µ—Ä –≤–∏–¥–∏–º–∏–π. –ü–∞—Ä–æ–ª—å –≤ —Ü—å–æ–º—É –≤–∏–ø–∞–¥–∫—É –º–∞—î —Å—Ç–∞–≤–∞—Ç–∏ —á–∏—Ç–∞–±–µ–ª—å–Ω–∏–º —É –ø–æ–ª—ñ –¥–ª—è –≤–≤–µ–¥–µ–Ω–Ω—è, —â–æ –¥–æ–∑–≤–æ–ª—è—î –∫–æ—Ä–∏—Å—Ç—É–≤–∞—á–µ–≤—ñ –ø–µ—Ä–µ–≥–ª—è–Ω—É—Ç–∏ –π–æ–≥–æ. 
–ü–æ click—É –Ω–∞ –∫–Ω–æ–ø–∫—É –∑ —ñ–∫–æ–Ω–∫–æ—é –≤—ñ–¥–∫—Ä–∏—Ç–æ–≥–æ –æ–∫–∞, —ñ–∫–æ–Ω–∫–∞ –º–∞—î –∑–º—ñ–Ω–∏—Ç–∏—Å—è –Ω–∞ —ñ–∫–æ–Ω–∫—É –∑–∞–∫—Ä–µ—Å–ª–µ–Ω–æ–≥–æ –æ–∫–∞, —â–æ–± –≤—ñ–∑—É–∞–ª—ñ–∑—É–≤–∞—Ç–∏ –∫–æ—Ä–∏—Å—Ç—É–≤–∞—á–µ–≤—ñ, —â–æ –ø–∞—Ä–æ–ª—å —Ç–µ–ø–µ—Ä –ø—Ä–∏—Ö–æ–≤–∞–Ω–∏–π. –ü–∞—Ä–æ–ª—å –≤ —Ü—å–æ–º—É –≤–∏–ø–∞–¥–∫—É –≤—ñ–¥–º–∞–ª—å–æ–≤—É—î—Ç—å—Å—è —É –≤–∏–≥–ª—è–¥—ñ –∑—ñ—Ä–æ—á–æ–∫ –∞–±–æ —ñ–Ω—à–∏—Ö –∑–∞–º–∞—Å–∫–æ–≤–∞–Ω–∏—Ö —Å–∏–º–≤–æ–ª—ñ–≤ –¥–ª—è –∑–∞—Ö–∏—Å—Ç—É –∫–æ–Ω—Ñ—ñ–¥–µ–Ω—Ü—ñ–π–Ω–æ—Å—Ç—ñ.

–£—Å—ñ –¥–∞–Ω—ñ, –∑–∞–∑–Ω–∞—á–µ–Ω—ñ –∫–æ—Ä–∏—Å—Ç—É–≤–∞—á–µ–º —É —Ñ–æ—Ä–º—ñ, –º–∞—é—Ç—å –±—É—Ç–∏ –ø—Ä–æ–≤–∞–ª—ñ–¥–æ–≤–∞–Ω—ñ –ø–æ –ø–æ–¥—ñ—ó submit –∑–∞ –¥–æ–ø–æ–º–æ–≥–æ—é –±—ñ–±–ª—ñ–æ—Ç–µ–∫  react-hook-form (–¥–ª—è —É–ø—Ä–∞–≤–ª—ñ–Ω–Ω—è —Å—Ç–∞–Ω–æ–º —Ñ–æ—Ä–º–∏) + Yup (–¥–ª—è –≤–∞–ª—ñ–¥–∞—Ü—ñ—ó —Ñ–æ—Ä–º–∏).
–£ —Ä–∞–∑—ñ –Ω–∞—è–≤–Ω–æ—Å—Ç—ñ –Ω–µ–≤–∞–ª—ñ–¥–Ω–∏—Ö –∑–Ω–∞—á–µ–Ω—å, –ø—Ä–∏—á–∏–Ω–∞ –ø–æ–º–∏–ª–∫–∏ –ø–æ–≤–∏–Ω–Ω–∞ –±—É—Ç–∏ –≤—ñ–¥–æ–±—Ä–∞–∂–µ–Ω–∞ –∫–æ—Ä–∏—Å—Ç—É–≤–∞—á–µ–≤—ñ, –∞ –¥–∞–Ω—ñ - –Ω–µ –≤—ñ–¥–ø—Ä–∞–≤–ª—è—Ç–∏—Å—è –Ω–∞ backend. 
–£ —Ä–∞–∑—ñ, —è–∫—â–æ –≤—Å—ñ –∑–Ω–∞—á–µ–Ω–Ω—è –≤–∞–ª—ñ–¥–Ω—ñ, - –¥–∞–Ω—ñ —Å–ª—ñ–¥ –≤—ñ–¥–ø—Ä–∞–≤–∏—Ç–∏ –Ω–∞ backend. 

–Ø–∫—â–æ backend –ø–æ–≤–µ—Ä–Ω—É–≤ –ø–æ–º–∏–ª–∫—É - –Ω–µ–æ–±—Ö—ñ–¥–Ω–æ —ó—ó –æ–ø—Ä–∞—Ü—é–≤–∞—Ç–∏ —ñ –≤—ñ–¥–æ–±—Ä–∞–∑–∏—Ç–∏ –∫–æ—Ä–∏—Å—Ç—É–≤–∞—á–µ–≤—ñ —É –≤–∏–≥–ª—è–¥—ñ –≤—Å–ø–ª–∏–≤–∞—é—á–æ–≥–æ –≤—ñ–∫–æ–Ω–µ—á–∫–∞-notification. 
–Ø–∫—â–æ –∑–∞–ø–∏—Ç –Ω–∞ backend –ø—Ä–æ–π—à–æ–≤ —É—Å–ø—ñ—à–Ω–æ —Ç–∞ token –¥–ª—è –∫–æ—Ä–∏—Å—Ç—É–≤–∞—á–∞ —Å—Ñ–æ—Ä–º–æ–≤–∞–Ω–æ - –Ω–µ–æ–±—Ö—ñ–¥–Ω–æ —Ä–µ–∞–ª—ñ–∑—É–≤–∞—Ç–∏ –∞–≤—Ç–æ–º–∞—Ç–∏—á–Ω—É –∞–≤—Ç–æ—Ä–∏–∑–∞—Ü—ñ—é. –ü—ñ—Å–ª—è —á–æ–≥–æ –º–æ–¥–∞–ª—å–Ω–µ –≤—ñ–∫–Ω–æ Modal –º–∞—î –±—É—Ç–∏ –∑–∞–∫—Ä–∏—Ç–µ.",SignUpForm,Andrii Mashtaler,üê∏,,
"–ö–æ–º–ø–æ–Ω–µ–Ω—Ç –º—ñ—Å—Ç–∏—Ç—å:
- –∑–∞–≥–æ–ª–æ–≤–æ–∫
- SignInForm
- –∫–Ω–æ–ø–∫—É —Ç–∏–ø—É ""button"" Create an account, –ø–æ click—É –Ω–∞ —è–∫—É –º–∞—î –≤—ñ–¥–º–∞–ª—é–≤–∞—Ç–∏—Å—å SignUpModal",SignInModal,Andrii Mashtaler,üê∏,,
"–ö–æ–º–ø–æ–Ω–µ–Ω—Ç, —â–æ –º—ñ—Å—Ç–∏—Ç—å —Ñ–æ—Ä–º—É, —è–∫–∞ —Å–∫–ª–∞–¥–∞—î—Ç—å—Å—è –∑ input—ñ–≤  Email —ñ Password —Ç–∞ –∫–Ω–æ–ø–∫–∏ —Ç–∏–ø—É ""submit"" - Sign in —Ç–∞ –º–∞—î –±—É—Ç–∏ –ø—Ä–æ–≤–∞–ª—ñ–¥–æ–≤–∞–Ω–∞ –ø–æ –ø–æ–¥—ñ—ó submit –∑–∞ –¥–æ–ø–æ–º–æ–≥–æ—é –±—ñ–±–ª—ñ–æ—Ç–µ–∫ react-hook-form (–¥–ª—è —É–ø—Ä–∞–≤–ª—ñ–Ω–Ω—è —Å—Ç–∞–Ω–æ–º —Ñ–æ—Ä–º–∏) + Yup (–¥–ª—è –≤–∞–ª—ñ–¥–∞—Ü—ñ—ó —Ñ–æ—Ä–º–∏).
–£ —Ä–∞–∑—ñ –Ω–∞—è–≤–Ω–æ—Å—Ç—ñ –Ω–µ–≤–∞–ª—ñ–¥–Ω–∏—Ö –∑–Ω–∞—á–µ–Ω—å, –ø—Ä–∏—á–∏–Ω–∞ –ø–æ–º–∏–ª–∫–∏ –ø–æ–≤–∏–Ω–Ω–∞ –±—É—Ç–∏ –≤—ñ–¥–æ–±—Ä–∞–∂–µ–Ω–∞ –∫–æ—Ä–∏—Å—Ç—É–≤–∞—á–µ–≤—ñ, –∞ –¥–∞–Ω—ñ - –Ω–µ –≤—ñ–¥–ø—Ä–∞–≤–ª—è—Ç–∏—Å—è –Ω–∞ backend. 
–£ —Ä–∞–∑—ñ, —è–∫—â–æ –≤—Å—ñ –∑–Ω–∞—á–µ–Ω–Ω—è –≤–∞–ª—ñ–¥–Ω—ñ, - –¥–∞–Ω—ñ —Å–ª—ñ–¥ –≤—ñ–¥–ø—Ä–∞–≤–∏—Ç–∏ –Ω–∞ backend. 
–Ø–∫—â–æ backend –ø–æ–≤–µ—Ä–Ω—É–≤ –ø–æ–º–∏–ª–∫—É - –Ω–µ–æ–±—Ö—ñ–¥–Ω–æ —ó—ó –æ–ø—Ä–∞—Ü—é–≤–∞—Ç–∏ —ñ –≤—ñ–¥–æ–±—Ä–∞–∑–∏—Ç–∏ –∫–æ—Ä–∏—Å—Ç—É–≤–∞—á–µ–≤—ñ —É –≤–∏–≥–ª—è–¥—ñ –≤—Å–ø–ª–∏–≤–∞—é—á–æ–≥–æ –≤—ñ–∫–æ–Ω–µ—á–∫–∞-notification. 
–Ø–∫—â–æ –∑–∞–ø–∏—Ç –Ω–∞ backend –ø—Ä–æ–π—à–æ–≤ —É—Å–ø—ñ—à–Ω–æ —Ç–∞ token –¥–ª—è –∫–æ—Ä–∏—Å—Ç—É–≤–∞—á–∞ —Å—Ñ–æ—Ä–º–æ–≤–∞–Ω–æ,  –º–æ–¥–∞–ª—å–Ω–µ –≤—ñ–∫–Ω–æ Modal –º–∞—î –±—É—Ç–∏ –∑–∞–∫—Ä–∏—Ç–µ.",SignInForm,Andrii Mashtaler,üê∏,,
"–ö–æ–º–ø–æ–Ω–µ–Ω—Ç –º—ñ—Å—Ç–∏—Ç—å:
- –ø–∏—Ç–∞–Ω–Ω—è
- –∫–Ω–æ–ø–∫—É —Ç–∏–ø—É ""button"" Cancel, –ø–æ click—É –Ω–∞ —è–∫—É –º–æ–¥–∞–ª—å–Ω–µ –≤—ñ–∫–Ω–æ Modal –º–∞—î –±—É—Ç–∏ –∑–∞–∫—Ä–∏—Ç–µ
- –∫–Ω–æ–ø–∫—É —Ç–∏–ø—É ""button"" LogOut, –ø–æ click—É –Ω–∞ —è–∫—É –º–∞—î –≤—ñ–¥–ø—Ä–∞–≤–ª—è—Ç–∏—Å—è –∑–∞–ø–∏—Ç –Ω–∞ backend, —è–∫–∏–π –≤–∏–¥–∞–ª—è—î –∞–∫—Ç–∏–≤–Ω—É —Å–µ—Å—ñ—é –∫–æ—Ä–∏—Å—Ç—É–≤–∞—á–∞. –ù–µ–∑–∞–ª–µ–∂–Ω–æ –≤—ñ–¥ –≤—ñ–¥–ø–æ–≤—ñ–¥—ñ backenda, –∫–æ—Ä–∏—Å—Ç—É–≤–∞—á–∞ —Å–ª—ñ–¥ –¥–µ–∞–≤—Ç–æ—Ä–∏–∑—É–≤–∞—Ç–∏ ""–Ω–∞ –∫–ª—ñ—î–Ω—Ç—ñ"", –æ—á–∏—Å—Ç–∏–≤—à–∏ –ø—Ä–∏ —Ü—å–æ–º—É –ø–æ–≤–Ω—ñ—Å—Ç—é redux store —Ç–∞ localStorage. –ü—ñ—Å–ª—è —á–æ–≥–æ –∫–æ—Ä–∏—Å—Ç—É–≤–∞—á–∞ –º–∞—î –ø–µ—Ä–µ–∞–¥—Ä–µ—Å—É–≤–∞—Ç–∏ –Ω–∞ –ø—É–±–ª—ñ—á–Ω—É —Å—Ç–æ—Ä—ñ–Ω–∫—É HomePage",LogOutModal,Andrii Mashtaler,üê∏,,
–ü—Ä–µ–∑–µ–Ω—Ç–∞—Ü—ñ—è –¥–ª—è –¥–µ–º–æ,,üëΩ,üê∏,,